order_id,supplier_id,order_date,quantity,unit_cost,status
O30000,16,09-03-2024,193,94.78,Delivered
O30001,7,29-12-2024,311,79.9,Delivered
O30002,83,23-02-2023,621,216.34,Delivered
O30003,97,20-12-2024,605,59.72,Delivered
O30004,9,14-08-2024,728,69.53,Delivered
O30005,17,31-05-2023,465,203.15,Ordered
O30006,91,24-02-2023,163,1,Cancelled
O30007,97,31-05-2024,351,50.26,Shipped
O30008,12,23-03-2024,234,67.16,Delivered
O30009,57,04-02-2023,928,124.95,Delivered
O30010,45,29-04-2023,403,107.64,Delivered
O30011,11,16-07-2023,351,92.25,Delivered
O30012,13,19-07-2024,167,145.75,Delivered
O30013,31,28-05-2024,148,38.54,Delivered
O30014,77,16-08-2024,28,1,Cancelled
O30015,26,26-02-2024,259,1,Delivered
O30016,63,31-05-2024,928,39.33,Shipped
O30017,31,16-11-2024,598,28.57,Shipped
O30018,22,19-05-2023,620,30.01,Delivered
O30019,6,05-12-2024,442,25.58,Ordered
O30020,20,11-10-2024,950,124.88,Delivered
O30021,85,19-09-2024,938,22.25,Shipped
O30022,10,13-02-2023,629,96.98,Delivered
O30023,83,07-08-2023,876,116.58,Delivered
O30024,35,21-07-2024,527,34.61,Delivered
O30025,26,15-09-2023,998,29.61,Shipped
O30026,71,27-05-2024,211,71.57,Shipped
O30027,37,12-01-2024,830,61.55,Delivered
O30028,8,16-10-2023,543,19.91,Ordered
O30029,5,14-04-2024,445,5.41,Delivered
O30030,44,13-04-2023,794,15.38,Delivered
O30031,100,29-05-2023,453,7.02,Ordered
O30032,92,25-03-2023,697,17.46,Delivered
O30033,67,26-01-2023,404,15.18,Delivered
O30034,72,24-06-2023,66,50.77,Delivered
O30035,79,02-10-2024,405,154.5,Delivered
O30036,91,26-02-2024,883,57.88,Delivered
O30037,49,15-10-2024,828,130.63,Delivered
O30038,36,12-12-2023,575,76.65,Delivered
O30039,80,29-10-2023,435,65.08,Shipped
O30040,26,25-10-2023,228,26.73,Delivered
O30041,45,15-05-2023,476,19.64,Delivered
O30042,61,24-02-2023,468,93.63,Delivered
O30043,44,25-02-2023,101,117.9,Delivered
O30044,4,09-01-2024,423,30.06,Delivered
O30045,76,10-08-2024,356,1,Delivered
O30046,81,05-12-2023,139,78.64,Delivered
O30047,58,01-04-2024,631,16.78,Delivered
O30048,26,21-12-2023,569,1,Cancelled
O30049,95,12-05-2023,131,81.73,Delivered
O30050,79,07-05-2024,549,36.43,Delivered
O30051,98,07-07-2024,468,57.79,Ordered
O30052,29,20-04-2023,480,123.07,Delivered
O30053,9,04-08-2024,111,38.95,Shipped
O30054,78,06-05-2023,153,34.98,Ordered
O30055,36,23-10-2023,917,17.17,Delivered
O30056,4,28-06-2023,762,18.21,Delivered
O30057,59,16-07-2023,242,79.61,Delivered
O30058,37,11-04-2023,720,29.8,Delivered
O30059,88,26-07-2024,880,8.93,Delivered
O30060,81,02-07-2023,682,4.96,Delivered
O30061,13,09-01-2023,769,32.02,Shipped
O30062,20,17-02-2024,279,31.27,Delivered
O30063,17,18-12-2024,363,52.99,Delivered
O30064,51,19-07-2024,625,31.84,Delivered
O30065,91,22-11-2024,408,7.74,Shipped
O30066,55,14-04-2023,175,35.44,Ordered
O30067,33,06-05-2023,601,118.64,Delivered
O30068,21,29-06-2024,135,8.68,Delivered
O30069,81,07-11-2024,506,58.52,Delivered
O30070,22,27-09-2023,294,45.05,Shipped
O30071,25,10-04-2024,495,69.03,Delivered
O30072,67,28-04-2023,815,8.16,Delivered
O30073,91,02-04-2023,871,142.03,Delivered
O30074,91,03-09-2024,419,48.51,Delivered
O30075,12,29-04-2024,206,93.89,Ordered
O30076,15,28-03-2023,318,14.16,Delivered
O30077,84,22-08-2023,73,67.24,Shipped
O30078,86,04-05-2023,259,75.94,Delivered
O30079,2,22-07-2023,358,25.33,Shipped
O30080,4,01-02-2023,148,24.22,Delivered
O30081,45,23-12-2023,225,53.62,Delivered
O30082,13,07-04-2024,105,4.9,Delivered
O30083,55,04-07-2024,556,66.52,Delivered
O30084,32,04-04-2023,928,2.19,Shipped
O30085,22,05-06-2024,356,10.57,Delivered
O30086,89,27-12-2024,538,54.55,Delivered
O30087,91,12-02-2024,816,5.17,Delivered
O30088,55,10-04-2023,261,178.5,Delivered
O30089,17,01-09-2023,571,101.4,Shipped
O30090,70,27-02-2023,573,49.22,Delivered
O30091,51,23-12-2023,817,85.48,Delivered
O30092,80,05-05-2024,926,109.28,Delivered
O30093,8,16-11-2023,913,15.02,Delivered
O30094,61,19-01-2023,70,94.66,Delivered
O30095,97,23-12-2023,954,10.83,Shipped
O30096,10,27-04-2023,447,26.67,Delivered
O30097,98,16-05-2023,957,40.85,Delivered
O30098,19,23-10-2023,447,62.57,Shipped
O30099,14,08-06-2024,783,1.53,Ordered
O30100,67,11-04-2023,257,17.16,Delivered
O30101,55,15-01-2024,909,46.89,Shipped
O30102,61,04-06-2023,944,22.11,Shipped
O30103,56,16-08-2024,896,74.59,Cancelled
O30104,63,22-08-2024,930,52.73,Delivered
O30105,87,15-04-2023,637,13.35,Shipped
O30106,11,03-10-2024,926,7.89,Delivered
O30107,47,09-06-2024,531,49.58,Delivered
O30108,6,08-05-2023,119,29.93,Delivered
O30109,34,05-02-2024,832,9.25,Delivered
O30110,65,25-07-2024,66,19.75,Delivered
O30111,99,12-06-2024,245,18.05,Shipped
O30112,89,10-07-2024,57,5.72,Delivered
O30113,64,03-07-2024,44,39.58,Ordered
O30114,93,04-05-2023,524,72.12,Ordered
O30115,87,26-12-2023,890,42.84,Delivered
O30116,82,05-03-2023,424,87.52,Ordered
O30117,78,15-09-2024,748,6.82,Delivered
O30118,81,12-04-2023,536,28.6,Delivered
O30119,66,14-07-2024,395,47.01,Delivered
O30120,31,04-10-2023,450,56.35,Ordered
O30121,83,15-08-2023,257,59.5,Delivered
O30122,96,23-01-2023,954,65.28,Delivered
O30123,62,27-11-2024,796,52.7,Delivered
O30124,54,05-03-2023,836,4.95,Delivered
O30125,92,06-06-2023,361,59.42,Shipped
O30126,8,25-01-2024,763,64.51,Ordered
O30127,42,29-05-2023,606,251.64,Delivered
O30128,41,29-12-2023,380,59.1,Shipped
O30129,59,11-11-2024,443,58.05,Delivered
O30130,40,08-04-2024,967,36.16,Delivered
O30131,22,06-10-2024,892,101.22,Delivered
O30132,24,03-02-2024,534,287.78,Delivered
O30133,38,09-02-2024,474,75.49,Delivered
O30134,2,12-05-2023,157,47.4,Delivered
O30135,41,16-07-2023,89,4.11,Delivered
O30136,19,08-10-2024,202,64.87,Cancelled
O30137,2,04-02-2023,980,61.65,Delivered
O30138,92,24-02-2024,462,74.71,Delivered
O30139,96,12-01-2024,481,6.65,Delivered
O30140,62,03-02-2024,709,53.03,Delivered
O30141,83,08-08-2023,557,17.53,Shipped
O30142,16,27-11-2024,454,71.41,Shipped
O30143,94,31-05-2024,470,13.75,Ordered
O30144,22,05-08-2024,380,57.6,Shipped
O30145,14,08-12-2023,401,17.48,Delivered
O30146,56,20-02-2024,79,1,Shipped
O30147,65,31-03-2024,551,50.17,Delivered
O30148,45,24-10-2023,936,6.01,Delivered
O30149,54,27-11-2023,796,53.84,Ordered
O30150,66,05-12-2024,386,129.92,Shipped
O30151,86,10-11-2024,978,174.09,Delivered
O30152,46,05-12-2023,667,13.45,Delivered
O30153,33,25-10-2023,661,82.84,Delivered
O30154,79,07-11-2024,343,21.81,Cancelled
O30155,50,08-11-2023,903,115.36,Cancelled
O30156,22,05-08-2024,445,77.44,Delivered
O30157,40,24-02-2023,52,3.84,Shipped
O30158,39,24-11-2024,251,26.14,Delivered
O30159,41,17-06-2024,944,20.57,Shipped
O30160,75,15-04-2023,894,76.9,Delivered
O30161,68,24-06-2023,659,26.41,Delivered
O30162,7,21-10-2023,329,57.69,Delivered
O30163,85,04-07-2024,908,46.12,Shipped
O30164,71,10-01-2024,494,185.74,Delivered
O30165,4,25-03-2024,350,138.86,Delivered
O30166,76,20-03-2024,967,27.9,Delivered
O30167,91,01-03-2023,770,64.29,Shipped
O30168,59,27-01-2024,785,88.44,Delivered
O30169,81,25-01-2024,459,114.58,Delivered
O30170,84,31-07-2023,498,3.53,Delivered
O30171,95,28-10-2024,125,17.98,Delivered
O30172,26,15-11-2024,204,19.3,Delivered
O30173,31,18-06-2024,768,28.5,Shipped
O30174,99,28-08-2023,643,9.27,Shipped
O30175,73,02-05-2024,21,34.28,Delivered
O30176,69,21-12-2024,590,54.42,Delivered
O30177,52,02-05-2023,847,34.39,Shipped
O30178,72,10-09-2023,563,54.8,Delivered
O30179,21,21-05-2023,362,3.44,Delivered
O30180,16,27-03-2024,361,104.37,Shipped
O30181,51,02-06-2023,778,139.9,Delivered
O30182,16,26-12-2024,116,48.1,Shipped
O30183,18,04-11-2023,55,106.6,Ordered
O30184,47,13-07-2024,292,7.05,Delivered
O30185,56,13-11-2023,51,79.84,Delivered
O30186,28,12-06-2024,842,6.34,Ordered
O30187,82,23-10-2023,785,26.21,Delivered
O30188,78,11-12-2023,254,19.56,Shipped
O30189,56,03-08-2024,492,44.05,Ordered
O30190,37,19-08-2024,985,17.94,Shipped
O30191,16,09-10-2023,573,50.71,Shipped
O30192,85,27-07-2023,859,22.89,Shipped
O30193,65,05-07-2024,993,98.59,Delivered
O30194,60,06-04-2023,971,50.24,Delivered
O30195,61,27-03-2024,909,12.12,Shipped
O30196,11,08-01-2024,961,20.48,Shipped
O30197,75,09-10-2024,863,94,Shipped
O30198,66,14-03-2023,225,24.43,Delivered
O30199,32,11-11-2024,469,38.37,Delivered
O30200,19,29-11-2023,848,52.34,Shipped
O30201,56,28-01-2024,103,21.37,Delivered
O30202,5,10-12-2024,983,17.41,Delivered
O30203,3,16-04-2023,970,32.24,Ordered
O30204,28,11-04-2023,48,12.1,Delivered
O30205,90,25-12-2023,737,16.72,Delivered
O30206,87,25-11-2023,342,3.2,Ordered
O30207,94,09-09-2024,233,18.12,Delivered
O30208,72,30-01-2024,582,19.33,Delivered
O30209,100,04-02-2023,559,163.29,Delivered
O30210,29,06-06-2023,228,44.55,Delivered
O30211,77,30-09-2023,522,77.41,Delivered
O30212,59,31-01-2024,697,2.32,Delivered
O30213,25,26-07-2023,592,5.63,Delivered
O30214,22,27-08-2024,13,84.24,Delivered
O30215,97,12-09-2024,499,48.85,Ordered
O30216,71,02-11-2023,445,10.6,Delivered
O30217,23,17-09-2024,826,25.94,Delivered
O30218,70,19-06-2024,340,38.68,Delivered
O30219,79,06-04-2024,324,92.77,Delivered
O30220,79,09-09-2023,596,3.12,Delivered
O30221,40,24-09-2023,598,45.41,Shipped
O30222,98,28-07-2023,157,63.12,Delivered
O30223,14,20-07-2024,656,190.59,Delivered
O30224,29,22-06-2024,575,82.29,Delivered
O30225,16,17-05-2024,431,16.16,Delivered
O30226,93,28-05-2024,555,61.82,Delivered
O30227,87,02-08-2024,407,72.04,Delivered
O30228,10,28-05-2023,158,65.42,Delivered
O30229,47,03-10-2024,185,85.78,Shipped
O30230,4,24-03-2023,798,117.03,Shipped
O30231,12,11-02-2023,491,5.18,Delivered
O30232,42,05-06-2023,835,5.53,Delivered
O30233,98,30-10-2024,952,79.58,Delivered
O30234,4,28-03-2024,536,14.54,Shipped
O30235,84,10-09-2024,357,3.02,Delivered
O30236,92,11-10-2023,717,25.64,Shipped
O30237,92,07-07-2023,362,85.71,Cancelled
O30238,6,08-09-2024,224,6.77,Delivered
O30239,14,15-09-2024,613,55.71,Ordered
O30240,35,18-04-2024,204,1,Ordered
O30241,47,21-05-2024,8,5.81,Shipped
O30242,58,13-05-2023,472,21.6,Shipped
O30243,65,28-09-2023,172,4.37,Delivered
O30244,19,13-09-2024,720,93.51,Shipped
O30245,57,14-03-2023,96,99.78,Cancelled
O30246,65,11-03-2024,674,70.44,Delivered
O30247,13,20-10-2023,803,13.89,Delivered
O30248,8,16-10-2024,608,37.04,Shipped
O30249,18,12-03-2024,306,10.18,Delivered
O30250,35,28-10-2024,657,16.51,Delivered
O30251,87,22-10-2024,258,36.28,Delivered
O30252,26,01-03-2023,474,66.4,Cancelled
O30253,38,20-08-2024,950,4.97,Shipped
O30254,84,04-12-2024,300,17.6,Ordered
O30255,66,23-11-2023,465,130.61,Delivered
O30256,26,01-07-2023,614,28.03,Delivered
O30257,57,09-03-2024,689,139.74,Delivered
O30258,100,02-06-2024,898,237.8,Delivered
O30259,25,29-09-2024,328,37.4,Delivered
O30260,30,24-03-2023,110,16.99,Delivered
O30261,82,28-01-2023,710,78.22,Shipped
O30262,7,23-09-2023,905,8.68,Delivered
O30263,27,10-10-2023,129,14.52,Shipped
O30264,11,01-02-2024,965,76.83,Delivered
O30265,8,30-11-2024,871,28.43,Cancelled
O30266,11,18-01-2024,137,11.25,Delivered
O30267,88,03-08-2024,910,52.65,Delivered
O30268,30,15-11-2023,539,65.98,Delivered
O30269,94,02-09-2024,649,6.68,Delivered
O30270,15,12-07-2023,164,16.22,Delivered
O30271,56,15-08-2023,349,12.5,Delivered
O30272,35,26-03-2024,980,23.89,Delivered
O30273,39,01-07-2023,463,72.08,Delivered
O30274,24,23-11-2023,868,62.54,Shipped
O30275,8,27-08-2024,643,54.31,Ordered
O30276,43,16-10-2024,504,1,Shipped
O30277,42,22-07-2023,885,7.67,Cancelled
O30278,84,06-02-2024,151,12.63,Delivered
O30279,41,05-10-2024,890,15.87,Delivered
O30280,47,16-04-2024,246,7.92,Delivered
O30281,26,07-10-2024,110,26.41,Delivered
O30282,52,28-06-2023,585,3.91,Ordered
O30283,88,28-11-2024,798,69.32,Shipped
O30284,22,18-01-2023,275,77.49,Delivered
O30285,5,07-04-2024,870,42.7,Delivered
O30286,15,31-08-2024,67,4.7,Shipped
O30287,36,29-06-2024,50,110.4,Delivered
O30288,63,07-02-2024,816,168.54,Delivered
O30289,93,28-01-2024,515,11.31,Delivered
O30290,79,27-10-2023,226,60.98,Ordered
O30291,91,17-12-2023,578,92.24,Delivered
O30292,49,06-07-2023,506,38.81,Shipped
O30293,55,13-12-2023,155,19.53,Delivered
O30294,72,14-09-2024,983,32.56,Delivered
O30295,60,13-02-2024,874,35.9,Delivered
O30296,57,12-03-2023,480,25.59,Delivered
O30297,29,23-11-2023,111,132.85,Ordered
O30298,19,31-07-2023,483,68.11,Ordered
O30299,95,05-11-2023,808,13.81,Delivered
O30300,73,18-04-2023,893,44.04,Delivered
O30301,10,26-06-2023,768,58.35,Shipped
O30302,10,02-03-2024,274,7.55,Delivered
O30303,97,14-06-2024,155,22.19,Ordered
O30304,89,22-02-2024,651,117.98,Shipped
O30305,57,05-09-2023,167,41.87,Delivered
O30306,54,28-07-2023,19,12.23,Delivered
O30307,56,04-08-2023,345,6.55,Delivered
O30308,68,13-12-2024,903,36.51,Delivered
O30309,69,13-03-2024,735,39.67,Delivered
O30310,87,09-09-2024,569,20.35,Delivered
O30311,55,07-11-2023,898,49.77,Delivered
O30312,69,18-01-2024,294,3.56,Delivered
O30313,72,28-09-2023,645,7.84,Shipped
O30314,81,01-05-2023,462,39.51,Delivered
O30315,1,11-02-2024,338,3.19,Cancelled
O30316,12,02-09-2023,804,106.39,Cancelled
O30317,35,07-03-2023,452,7.67,Shipped
O30318,78,16-08-2023,344,56.03,Ordered
O30319,82,17-05-2023,717,24.81,Shipped
O30320,74,13-07-2023,631,25.52,Delivered
O30321,79,06-12-2024,765,72.38,Delivered
O30322,33,19-10-2024,85,34.6,Delivered
O30323,83,18-10-2024,697,64.67,Delivered
O30324,98,03-05-2024,737,35.18,Delivered
O30325,25,06-08-2024,660,44.94,Delivered
O30326,16,20-12-2023,389,71.5,Ordered
O30327,8,04-12-2024,792,46.74,Ordered
O30328,35,09-07-2024,227,47.81,Delivered
O30329,85,06-06-2023,286,77.85,Ordered
O30330,83,20-04-2024,284,148.88,Delivered
O30331,46,16-01-2023,693,23.64,Delivered
O30332,11,19-03-2023,947,43.03,Shipped
O30333,61,21-02-2023,109,4.51,Delivered
O30334,44,28-05-2024,135,22.22,Delivered
O30335,11,18-05-2024,938,26.56,Ordered
O30336,11,02-03-2023,291,90.16,Delivered
O30337,22,12-05-2023,887,36.01,Delivered
O30338,85,17-01-2024,990,65.66,Delivered
O30339,91,17-07-2024,802,1,Delivered
O30340,82,22-11-2024,615,31.23,Delivered
O30341,62,26-06-2024,713,115.79,Delivered
O30342,48,14-02-2024,508,12.7,Shipped
O30343,94,04-06-2023,629,1.6,Delivered
O30344,63,24-09-2024,844,28.41,Delivered
O30345,51,20-02-2023,822,60.94,Delivered
O30346,45,05-04-2023,29,30.3,Delivered
O30347,33,18-11-2024,394,30.81,Shipped
O30348,85,06-06-2024,27,55.4,Delivered
O30349,60,07-06-2024,467,14.68,Delivered
O30350,2,21-12-2023,13,69.69,Delivered
O30351,13,14-02-2023,554,8.31,Delivered
O30352,66,24-07-2023,933,25.19,Delivered
O30353,57,06-03-2024,445,53.36,Delivered
O30354,43,13-09-2023,224,88.12,Delivered
O30355,45,05-09-2023,463,78.4,Delivered
O30356,31,16-06-2024,21,63.95,Delivered
O30357,10,10-02-2023,387,22.24,Cancelled
O30358,23,03-04-2024,648,6.52,Delivered
O30359,86,04-10-2023,326,12.22,Shipped
O30360,29,14-07-2023,733,100.06,Delivered
O30361,97,12-03-2023,467,97.36,Delivered
O30362,31,27-09-2023,657,151.37,Delivered
O30363,78,01-12-2023,522,3.95,Delivered
O30364,74,07-08-2024,225,38.48,Shipped
O30365,18,04-11-2023,653,52.3,Ordered
O30366,11,02-03-2024,475,62.01,Delivered
O30367,47,18-07-2023,618,51.62,Delivered
O30368,3,17-03-2023,780,73.49,Ordered
O30369,2,19-10-2024,706,22.27,Delivered
O30370,54,08-06-2024,458,9.89,Delivered
O30371,72,02-10-2024,640,11.44,Delivered
O30372,31,18-08-2023,213,1,Shipped
O30373,8,26-03-2023,663,21.56,Ordered
O30374,43,11-06-2023,961,4.81,Delivered
O30375,48,01-02-2024,481,19.39,Shipped
O30376,2,06-01-2024,896,49.47,Delivered
O30377,22,16-07-2024,180,112.44,Ordered
O30378,5,03-08-2023,829,91.51,Delivered
O30379,7,01-01-2023,538,14.56,Delivered
O30380,20,12-01-2024,527,7.2,Delivered
O30381,92,16-02-2024,22,10.73,Ordered
O30382,77,26-09-2024,345,177,Delivered
O30383,2,19-07-2023,577,39.87,Delivered
O30384,32,02-07-2023,763,10.08,Shipped
O30385,90,14-02-2024,922,91.86,Delivered
O30386,3,02-02-2024,21,25.14,Delivered
O30387,41,04-08-2023,745,114.74,Delivered
O30388,42,15-12-2023,408,15.1,Ordered
O30389,77,02-08-2024,487,24.98,Shipped
O30390,85,16-08-2024,528,35.15,Shipped
O30391,45,15-10-2024,416,111.57,Delivered
O30392,87,10-02-2023,272,101.54,Delivered
O30393,71,03-01-2023,205,42.71,Delivered
O30394,17,04-04-2023,298,12.54,Delivered
O30395,92,28-02-2023,672,25.82,Shipped
O30396,47,11-02-2024,946,185.73,Delivered
O30397,94,18-01-2023,553,46.8,Shipped
O30398,69,08-05-2024,108,75.96,Shipped
O30399,24,22-05-2024,637,29.88,Shipped
O30400,71,08-08-2024,152,37.97,Shipped
O30401,34,28-11-2023,13,28.01,Delivered
O30402,50,18-06-2023,715,60.69,Delivered
O30403,42,02-11-2024,79,95.35,Shipped
O30404,33,11-11-2024,906,35.4,Cancelled
O30405,27,25-07-2023,554,32.78,Delivered
O30406,78,04-06-2024,169,20.8,Ordered
O30407,59,19-05-2024,249,9.75,Shipped
O30408,19,12-12-2023,121,140.05,Delivered
O30409,76,31-10-2023,387,19,Cancelled
O30410,3,25-04-2023,439,80.65,Delivered
O30411,71,25-10-2024,272,62.82,Delivered
O30412,99,28-03-2023,300,78.25,Delivered
O30413,25,05-04-2023,721,138.05,Delivered
O30414,15,03-03-2024,473,48.82,Delivered
O30415,83,28-11-2024,158,114.11,Delivered
O30416,60,25-03-2024,633,9.18,Delivered
O30417,83,17-09-2024,227,49.27,Delivered
O30418,23,24-06-2024,421,73.98,Ordered
O30419,11,15-12-2024,956,15.85,Delivered
O30420,59,02-01-2023,973,67.5,Delivered
O30421,85,19-03-2023,24,75.36,Delivered
O30422,34,20-11-2023,742,88.95,Shipped
O30423,7,08-04-2023,538,18.76,Delivered
O30424,44,20-09-2024,570,57.22,Delivered
O30425,91,20-04-2023,777,18.14,Delivered
O30426,64,09-11-2024,638,67.17,Delivered
O30427,23,01-04-2024,957,31.09,Delivered
O30428,58,02-05-2024,787,45.51,Delivered
O30429,20,06-01-2024,540,26.88,Cancelled
O30430,27,03-12-2023,903,8.84,Delivered
O30431,60,21-08-2024,813,9.8,Shipped
O30432,8,22-01-2023,982,4.04,Shipped
O30433,67,22-12-2024,128,48.13,Delivered
O30434,2,01-11-2023,94,94.4,Delivered
O30435,22,29-09-2023,703,1.05,Delivered
O30436,70,04-05-2024,421,3.43,Delivered
O30437,36,21-03-2024,272,30.58,Delivered
O30438,24,05-10-2023,484,66.92,Shipped
O30439,12,12-10-2024,5,8.58,Delivered
O30440,81,12-01-2024,157,15.85,Shipped
O30441,22,20-08-2023,52,13.2,Shipped
O30442,83,14-08-2024,243,25.46,Delivered
O30443,73,01-03-2024,663,12.74,Shipped
O30444,76,24-02-2023,774,21.74,Delivered
O30445,96,16-03-2024,420,65.2,Delivered
O30446,95,03-02-2023,953,47.21,Delivered
O30447,81,25-11-2023,929,4.23,Shipped
O30448,23,29-03-2024,817,50.77,Delivered
O30449,74,23-01-2024,425,32.42,Cancelled
O30450,63,05-03-2024,80,136.34,Delivered
O30451,30,20-04-2024,695,17.08,Delivered
O30452,19,05-05-2023,354,64.76,Delivered
O30453,26,06-06-2024,619,65.63,Delivered
O30454,90,26-04-2024,666,12.52,Delivered
O30455,11,13-11-2023,293,116.77,Delivered
O30456,20,02-05-2023,717,33.78,Delivered
O30457,56,30-06-2024,116,56.8,Delivered
O30458,45,03-08-2024,529,7.88,Delivered
O30459,68,09-11-2023,480,14.91,Shipped
O30460,47,01-05-2024,288,44.11,Delivered
O30461,76,12-10-2024,668,19.21,Shipped
O30462,89,12-01-2023,477,34.63,Delivered
O30463,58,05-05-2023,25,23.42,Ordered
O30464,10,20-10-2024,431,51.16,Delivered
O30465,22,18-03-2023,278,33.39,Delivered
O30466,71,02-08-2024,987,1,Delivered
O30467,24,18-12-2024,317,52.45,Ordered
O30468,66,24-08-2023,638,27.42,Delivered
O30469,96,24-07-2024,812,20.9,Shipped
O30470,85,11-09-2023,358,4.94,Delivered
O30471,61,10-02-2024,276,12.45,Delivered
O30472,7,31-08-2023,877,12.67,Delivered
O30473,72,05-04-2024,690,136.95,Ordered
O30474,38,04-10-2023,344,28.33,Delivered
O30475,21,13-04-2024,431,2.15,Delivered
O30476,8,08-08-2023,559,7.47,Cancelled
O30477,89,13-08-2023,712,4.12,Shipped
O30478,28,11-04-2023,563,44.44,Delivered
O30479,92,25-09-2024,439,10.33,Ordered
O30480,54,30-12-2024,462,34.51,Delivered
O30481,31,21-05-2024,807,23.11,Shipped
O30482,100,09-08-2024,270,81.45,Delivered
O30483,89,27-11-2023,709,19.32,Shipped
O30484,41,25-08-2023,431,30.65,Delivered
O30485,37,05-12-2023,21,63.88,Delivered
O30486,38,20-05-2024,143,28.4,Cancelled
O30487,51,14-06-2023,760,78.8,Delivered
O30488,76,30-10-2024,868,54.19,Shipped
O30489,37,23-12-2024,353,26.43,Shipped
O30490,31,28-12-2024,465,35.06,Shipped
O30491,62,06-08-2023,468,170.87,Delivered
O30492,18,11-01-2024,513,54.18,Delivered
O30493,90,12-01-2023,464,117.69,Delivered
O30494,6,07-03-2024,877,9.85,Ordered
O30495,9,24-03-2023,850,33.01,Delivered
O30496,11,06-03-2024,394,119.66,Delivered
O30497,95,16-09-2024,919,19.48,Cancelled
O30498,2,22-04-2024,786,171.58,Delivered
O30499,29,07-12-2024,753,5.11,Delivered
O30500,51,04-01-2024,58,116.48,Delivered
O30501,69,14-10-2024,126,29.46,Shipped
O30502,23,27-09-2024,841,3.83,Delivered
O30503,100,21-05-2023,878,105.81,Delivered
O30504,7,20-12-2024,990,14.51,Shipped
O30505,56,18-09-2024,461,1.13,Shipped
O30506,77,18-12-2024,52,7.3,Ordered
O30507,62,31-03-2024,735,53.81,Delivered
O30508,74,16-05-2024,814,190.41,Shipped
O30509,100,07-02-2024,875,5.91,Delivered
O30510,80,15-10-2023,269,30.99,Shipped
O30511,15,21-12-2023,96,9.96,Delivered
O30512,53,09-12-2023,273,68.33,Delivered
O30513,43,29-05-2023,323,6.28,Delivered
O30514,83,29-07-2023,573,13.71,Shipped
O30515,85,22-04-2023,833,10.93,Delivered
O30516,35,15-10-2024,693,40.21,Delivered
O30517,79,19-06-2024,133,103.25,Cancelled
O30518,14,18-02-2023,928,35.78,Shipped
O30519,93,27-11-2023,89,3,Ordered
O30520,69,31-12-2023,685,41.44,Delivered
O30521,49,11-01-2023,824,79.86,Shipped
O30522,18,07-07-2023,5,7.09,Ordered
O30523,51,23-05-2024,357,3.77,Delivered
O30524,1,02-08-2024,343,10.4,Delivered
O30525,27,20-03-2024,204,68.54,Delivered
O30526,64,31-03-2023,674,44.79,Delivered
O30527,60,13-09-2024,573,38.89,Delivered
O30528,91,06-11-2024,471,14.35,Delivered
O30529,89,23-03-2024,464,20.19,Delivered
O30530,41,18-12-2024,497,168.9,Delivered
O30531,21,01-02-2023,702,13.76,Shipped
O30532,14,23-11-2023,837,115.96,Shipped
O30533,20,15-03-2023,63,43.44,Delivered
O30534,92,08-09-2023,556,6.58,Delivered
O30535,85,25-03-2024,239,31.49,Delivered
O30536,87,21-12-2023,540,148.36,Delivered
O30537,11,16-06-2024,198,27.11,Shipped
O30538,66,23-10-2023,781,99.53,Shipped
O30539,84,25-10-2023,683,14.81,Shipped
O30540,24,24-11-2023,30,42.31,Delivered
O30541,89,29-10-2023,666,92.85,Delivered
O30542,37,26-05-2024,209,126.72,Delivered
O30543,86,04-12-2023,63,33.26,Delivered
O30544,24,07-08-2024,841,51.04,Delivered
O30545,15,09-01-2024,57,1,Cancelled
O30546,12,06-07-2024,832,14.6,Delivered
O30547,95,04-04-2023,720,16.34,Delivered
O30548,64,12-05-2023,433,4.91,Delivered
O30549,31,02-09-2024,308,16.4,Delivered
O30550,53,22-02-2023,575,19.37,Delivered
O30551,94,10-05-2024,760,173.31,Cancelled
O30552,84,17-08-2023,466,55.22,Delivered
O30553,72,01-10-2024,653,27.76,Delivered
O30554,44,31-07-2023,605,221.37,Delivered
O30555,30,18-05-2024,107,8.32,Shipped
O30556,35,09-05-2024,877,32.32,Delivered
O30557,21,01-11-2024,600,52.07,Delivered
O30558,63,21-08-2023,301,2.86,Ordered
O30559,92,12-03-2023,620,63.12,Delivered
O30560,17,17-12-2024,46,5.26,Delivered
O30561,12,08-07-2023,77,7.56,Delivered
O30562,18,24-10-2024,729,8.7,Delivered
O30563,92,08-01-2023,169,132.18,Delivered
O30564,60,28-11-2023,814,57.48,Delivered
O30565,67,03-09-2024,129,53.27,Shipped
O30566,15,16-01-2023,713,40.54,Delivered
O30567,16,27-10-2024,708,17.32,Delivered
O30568,22,30-10-2024,860,48.5,Delivered
O30569,95,03-04-2023,268,26.39,Shipped
O30570,63,19-09-2023,600,7.86,Delivered
O30571,31,02-07-2024,765,58.49,Delivered
O30572,1,10-06-2023,750,6.94,Delivered
O30573,75,17-12-2023,585,10.58,Delivered
O30574,6,23-06-2023,419,85.1,Delivered
O30575,87,13-11-2023,870,53.96,Ordered
O30576,9,18-01-2023,867,49.85,Cancelled
O30577,52,30-04-2024,161,27.08,Delivered
O30578,80,02-01-2024,58,25.23,Ordered
O30579,62,17-12-2023,384,58.6,Delivered
O30580,58,11-06-2024,885,67.35,Delivered
O30581,19,10-03-2024,803,35.69,Delivered
O30582,13,27-09-2023,510,174.12,Delivered
O30583,32,09-03-2023,430,155.84,Shipped
O30584,100,30-01-2023,340,26.59,Delivered
O30585,9,12-11-2023,578,85.91,Delivered
O30586,49,13-06-2023,940,39.18,Delivered
O30587,37,16-11-2023,26,35.85,Delivered
O30588,31,14-01-2023,810,2.83,Shipped
O30589,31,06-10-2023,589,42.66,Shipped
O30590,59,07-03-2024,798,115.42,Delivered
O30591,55,29-10-2024,372,75.74,Delivered
O30592,19,25-09-2024,928,77.16,Ordered
O30593,63,20-09-2023,36,8.71,Delivered
O30594,2,12-11-2024,531,22.19,Delivered
O30595,45,05-06-2024,790,13.28,Ordered
O30596,96,21-06-2023,833,18.98,Ordered
O30597,43,24-12-2023,825,43.32,Shipped
O30598,98,13-01-2023,267,22.69,Delivered
O30599,1,25-12-2024,794,41.13,Delivered
O30600,85,03-11-2024,432,28.86,Delivered
O30601,61,20-08-2023,19,16.89,Delivered
O30602,3,20-04-2024,339,5.01,Delivered
O30603,91,15-04-2024,140,111.21,Shipped
O30604,44,09-06-2023,67,1,Delivered
O30605,7,30-09-2024,824,1,Shipped
O30606,33,13-07-2024,530,87.66,Delivered
O30607,9,18-09-2023,369,287.4,Delivered
O30608,30,26-07-2024,261,64.93,Shipped
O30609,18,25-09-2024,624,1,Delivered
O30610,56,24-08-2024,920,12.85,Delivered
O30611,90,25-12-2023,974,178.46,Delivered
O30612,84,12-09-2023,627,82.67,Shipped
O30613,31,24-08-2024,678,41.83,Shipped
O30614,72,29-05-2024,579,13.52,Delivered
O30615,63,07-10-2023,767,1,Cancelled
O30616,87,27-04-2023,582,1.05,Shipped
O30617,50,01-09-2024,972,47.34,Cancelled
O30618,89,11-06-2023,820,1.1,Delivered
O30619,1,25-10-2023,203,252.81,Delivered
O30620,82,24-10-2023,639,10.13,Ordered
O30621,19,16-08-2024,935,62.02,Delivered
O30622,64,24-12-2023,955,8.42,Ordered
O30623,53,21-10-2024,410,38.84,Delivered
O30624,6,01-06-2024,833,4.2,Cancelled
O30625,17,13-01-2024,80,72.79,Shipped
O30626,46,27-11-2024,688,43.96,Delivered
O30627,72,01-03-2024,113,4.51,Ordered
O30628,73,20-06-2024,623,94.39,Delivered
O30629,55,06-07-2024,821,39.6,Shipped
O30630,91,18-06-2023,137,127.29,Shipped
O30631,100,29-05-2024,645,124.22,Delivered
O30632,6,30-12-2023,884,126.6,Delivered
O30633,70,13-11-2024,840,4.05,Shipped
O30634,68,05-03-2024,189,6.45,Shipped
O30635,86,22-07-2024,277,219.93,Ordered
O30636,40,24-03-2023,737,33.43,Cancelled
O30637,91,26-11-2023,103,13.6,Delivered
O30638,66,21-11-2024,107,73.41,Delivered
O30639,9,13-05-2023,575,15.35,Delivered
O30640,11,20-08-2024,916,64.95,Shipped
O30641,20,01-04-2024,954,90.79,Delivered
O30642,43,19-12-2023,757,76.68,Shipped
O30643,58,10-12-2023,173,16.01,Delivered
O30644,78,04-04-2023,918,25.68,Delivered
O30645,26,17-01-2024,845,26.66,Delivered
O30646,38,22-10-2023,999,33.79,Shipped
O30647,94,17-07-2023,331,9.16,Ordered
O30648,36,20-03-2023,722,30.12,Delivered
O30649,99,08-11-2024,191,35.75,Delivered
O30650,55,04-07-2024,670,37.93,Ordered
O30651,6,02-08-2023,831,85.71,Shipped
O30652,3,04-10-2024,225,36.42,Delivered
O30653,65,30-10-2024,684,13.12,Delivered
O30654,64,08-06-2023,323,54.4,Cancelled
O30655,58,10-07-2024,954,79.8,Shipped
O30656,58,20-07-2023,508,19.24,Delivered
O30657,18,22-01-2023,961,51.82,Shipped
O30658,23,05-12-2023,548,7.95,Delivered
O30659,96,30-08-2023,134,20.92,Shipped
O30660,29,26-08-2023,37,119.97,Shipped
O30661,23,29-05-2023,93,121.13,Ordered
O30662,36,01-08-2024,75,42.82,Delivered
O30663,70,07-01-2023,756,60.59,Delivered
O30664,81,21-08-2023,183,96.21,Delivered
O30665,82,01-08-2024,717,159.17,Delivered
O30666,95,18-03-2023,459,33.66,Delivered
O30667,6,03-05-2024,699,41.23,Delivered
O30668,34,28-03-2023,678,26.86,Cancelled
O30669,44,10-08-2023,627,3.74,Delivered
O30670,44,17-02-2024,409,27.48,Shipped
O30671,27,06-08-2024,207,78.18,Cancelled
O30672,100,21-07-2023,245,81.71,Ordered
O30673,52,24-07-2024,333,111.46,Delivered
O30674,42,03-10-2023,673,2.64,Delivered
O30675,25,09-08-2023,525,37.45,Delivered
O30676,74,06-06-2023,294,5.68,Delivered
O30677,39,30-06-2023,954,11.2,Shipped
O30678,39,25-12-2024,984,115.24,Delivered
O30679,12,09-05-2023,916,34.34,Delivered
O30680,11,31-08-2023,748,71.05,Shipped
O30681,3,21-06-2023,273,3.33,Delivered
O30682,22,17-05-2024,379,26.96,Shipped
O30683,4,24-04-2024,626,56.08,Delivered
O30684,8,27-09-2023,664,7.16,Delivered
O30685,14,25-02-2024,26,19.71,Delivered
O30686,84,12-06-2023,680,3.34,Shipped
O30687,88,24-01-2023,544,52.68,Ordered
O30688,14,11-05-2024,733,176.84,Shipped
O30689,92,12-07-2023,718,87.74,Shipped
O30690,16,25-01-2024,933,183.7,Delivered
O30691,32,11-05-2024,854,93.41,Cancelled
O30692,64,09-05-2023,610,96.62,Delivered
O30693,76,06-07-2024,91,43.04,Cancelled
O30694,16,26-06-2024,476,36.52,Ordered
O30695,52,05-02-2023,889,26.07,Delivered
O30696,19,01-04-2024,726,85.21,Shipped
O30697,69,27-12-2023,188,10.05,Delivered
O30698,12,03-08-2023,569,2.89,Ordered
O30699,93,14-10-2023,619,147.72,Delivered
O30700,5,04-01-2024,954,1,Shipped
O30701,42,13-04-2024,195,188.24,Delivered
O30702,17,05-07-2023,534,65.25,Delivered
O30703,72,18-04-2024,698,19.91,Delivered
O30704,94,02-03-2023,880,59.84,Delivered
O30705,10,19-09-2023,85,85.15,Cancelled
O30706,84,21-04-2023,592,14.08,Delivered
O30707,16,21-05-2023,841,73.68,Delivered
O30708,16,18-06-2024,77,81.58,Ordered
O30709,42,20-03-2023,330,14.34,Delivered
O30710,3,08-05-2024,383,2.14,Delivered
O30711,23,31-01-2023,433,11.42,Delivered
O30712,86,30-05-2024,377,11.2,Delivered
O30713,28,23-05-2024,341,3.37,Delivered
O30714,45,21-09-2024,177,64.73,Shipped
O30715,100,07-03-2023,426,23.9,Shipped
O30716,68,24-05-2024,424,107.87,Delivered
O30717,24,06-01-2024,967,14.53,Delivered
O30718,19,14-10-2023,174,30.19,Shipped
O30719,75,25-06-2023,406,50.95,Ordered
O30720,40,03-05-2023,82,104.97,Delivered
O30721,46,19-08-2023,21,37.18,Ordered
O30722,40,08-07-2024,691,23.38,Delivered
O30723,62,04-01-2023,398,100.88,Shipped
O30724,18,02-12-2024,330,18.57,Ordered
O30725,12,16-02-2024,225,4.14,Delivered
O30726,14,07-09-2023,777,29.44,Delivered
O30727,82,17-10-2024,402,76.88,Delivered
O30728,61,01-05-2024,781,1.56,Delivered
O30729,12,11-12-2023,763,44.08,Shipped
O30730,27,29-11-2023,785,45.13,Delivered
O30731,6,28-03-2024,894,131.93,Delivered
O30732,88,07-06-2023,855,16.88,Delivered
O30733,33,30-07-2024,921,16.34,Delivered
O30734,80,27-09-2023,438,29.03,Delivered
O30735,50,09-08-2024,272,22.07,Delivered
O30736,12,22-02-2024,280,66.66,Delivered
O30737,95,15-03-2024,223,51.33,Delivered
O30738,57,29-01-2023,587,71.13,Delivered
O30739,53,01-12-2023,663,85.75,Shipped
O30740,13,26-08-2023,937,128.19,Delivered
O30741,72,02-06-2023,871,28.19,Shipped
O30742,3,28-08-2024,509,208.99,Ordered
O30743,64,25-04-2023,342,12.15,Delivered
O30744,84,03-02-2024,929,62.65,Delivered
O30745,58,01-02-2023,617,38.18,Delivered
O30746,4,15-06-2024,42,84.89,Delivered
O30747,45,22-02-2023,176,32.39,Cancelled
O30748,66,18-12-2024,245,76.61,Ordered
O30749,36,14-07-2023,253,133.08,Ordered
O30750,23,01-11-2023,274,65.89,Delivered
O30751,19,07-12-2024,959,74.83,Cancelled
O30752,40,11-12-2023,334,3.48,Delivered
O30753,72,23-03-2023,604,11.47,Ordered
O30754,16,01-01-2023,11,183.07,Shipped
O30755,58,16-06-2023,152,59.08,Shipped
O30756,18,13-11-2023,189,41.21,Delivered
O30757,36,02-07-2023,960,22.86,Ordered
O30758,24,30-09-2023,676,2.27,Delivered
O30759,1,30-10-2024,638,23.03,Delivered
O30760,1,08-01-2024,211,34.55,Delivered
O30761,64,28-12-2023,973,11.88,Ordered
O30762,62,20-07-2023,97,9.51,Ordered
O30763,36,11-07-2023,821,35.51,Delivered
O30764,75,07-12-2023,339,44.08,Delivered
O30765,18,26-10-2023,47,13.72,Delivered
O30766,16,20-05-2024,820,44.26,Delivered
O30767,17,10-08-2024,736,115.3,Delivered
O30768,24,20-05-2023,975,32.04,Ordered
O30769,98,02-11-2023,57,97.38,Shipped
O30770,68,15-07-2023,75,131.05,Delivered
O30771,99,02-03-2023,254,4.85,Delivered
O30772,79,26-12-2023,663,5.04,Shipped
O30773,2,03-11-2023,571,32.32,Delivered
O30774,95,24-04-2024,837,44.35,Delivered
O30775,73,29-11-2023,952,27.75,Delivered
O30776,10,24-03-2023,598,19.76,Shipped
O30777,53,30-11-2023,170,51.22,Shipped
O30778,89,31-05-2024,146,1,Delivered
O30779,51,18-04-2024,839,172.22,Delivered
O30780,69,29-01-2024,33,13.2,Delivered
O30781,14,22-08-2024,515,124.51,Delivered
O30782,66,21-12-2024,796,5.77,Delivered
O30783,82,22-11-2024,257,13.6,Delivered
O30784,93,20-12-2024,126,13.39,Shipped
O30785,53,30-07-2024,959,278.02,Delivered
O30786,84,15-01-2024,113,1,Delivered
O30787,64,21-01-2023,815,51.03,Delivered
O30788,72,26-06-2023,805,101.89,Cancelled
O30789,49,29-12-2023,342,55.78,Delivered
O30790,90,22-01-2023,48,22.53,Delivered
O30791,62,01-07-2024,364,158.87,Ordered
O30792,37,07-09-2023,787,111.99,Ordered
O30793,49,22-10-2024,398,28.45,Shipped
O30794,68,14-03-2023,195,42.59,Ordered
O30795,33,01-04-2023,851,171.36,Delivered
O30796,22,25-06-2023,737,202.45,Delivered
O30797,70,06-05-2023,725,29.88,Delivered
O30798,33,23-07-2023,321,93.98,Delivered
O30799,28,03-09-2023,794,17.98,Delivered
O30800,88,02-09-2024,138,23.25,Delivered
O30801,4,28-09-2023,355,9.01,Shipped
O30802,66,13-02-2023,845,11.73,Cancelled
O30803,77,31-08-2024,70,53.48,Ordered
O30804,49,01-07-2024,811,35.75,Delivered
O30805,11,17-06-2023,582,13.14,Delivered
O30806,35,10-03-2024,483,25.78,Delivered
O30807,39,30-01-2023,720,23.36,Shipped
O30808,10,19-08-2024,712,218.55,Ordered
O30809,74,23-12-2023,59,96.06,Delivered
O30810,72,05-05-2024,771,24.55,Delivered
O30811,69,24-09-2024,389,122.62,Shipped
O30812,23,05-09-2023,853,20.98,Delivered
O30813,34,26-11-2024,351,55.12,Shipped
O30814,32,10-09-2023,846,170.03,Delivered
O30815,16,21-12-2024,869,24.74,Delivered
O30816,68,17-01-2024,339,56.95,Delivered
O30817,54,19-06-2024,677,17.54,Delivered
O30818,28,25-09-2024,757,15.48,Shipped
O30819,60,23-02-2024,596,42.68,Shipped
O30820,78,03-05-2023,436,193.8,Cancelled
O30821,76,21-10-2023,450,30.18,Shipped
O30822,60,15-11-2024,377,138.74,Delivered
O30823,85,23-05-2023,959,122.88,Delivered
O30824,80,25-05-2024,391,14.64,Cancelled
O30825,44,11-11-2024,481,25.69,Delivered
O30826,2,26-02-2023,821,51.54,Delivered
O30827,23,11-02-2023,114,36.5,Delivered
O30828,93,22-09-2024,746,5.04,Cancelled
O30829,46,01-05-2023,774,253.34,Cancelled
O30830,73,09-12-2023,903,69.85,Delivered
O30831,54,28-11-2023,172,28.79,Delivered
O30832,71,31-03-2024,18,48.14,Delivered
O30833,93,12-03-2024,235,4.58,Delivered
O30834,81,07-12-2023,310,34.19,Delivered
O30835,9,07-12-2023,895,133.56,Delivered
O30836,70,20-02-2024,669,113.46,Delivered
O30837,44,01-07-2023,723,20.58,Delivered
O30838,84,07-11-2024,281,37.9,Delivered
O30839,74,21-09-2023,831,59.76,Delivered
O30840,73,29-07-2023,196,20.78,Delivered
O30841,12,06-06-2024,115,3.35,Shipped
O30842,97,01-07-2023,397,35.2,Delivered
O30843,32,19-03-2024,672,46.02,Shipped
O30844,34,08-09-2023,667,1,Delivered
O30845,83,18-05-2023,563,5.02,Delivered
O30846,33,06-08-2023,418,11.61,Delivered
O30847,64,29-03-2024,284,21.39,Delivered
O30848,48,28-03-2023,585,38.94,Shipped
O30849,16,20-10-2023,328,17.4,Delivered
O30850,50,02-04-2023,341,16.16,Delivered
O30851,23,27-07-2023,622,101.76,Ordered
O30852,26,23-07-2023,798,7.84,Delivered
O30853,54,05-07-2023,221,34.21,Cancelled
O30854,44,26-03-2023,9,152.69,Ordered
O30855,37,25-10-2024,909,49.04,Delivered
O30856,9,05-06-2023,82,63.15,Delivered
O30857,94,20-10-2023,832,28.21,Ordered
O30858,13,16-06-2024,294,1.01,Delivered
O30859,60,10-06-2023,375,51.94,Delivered
O30860,80,21-01-2024,534,49.97,Delivered
O30861,2,29-04-2024,415,5.85,Delivered
O30862,95,17-05-2024,99,31.01,Ordered
O30863,60,05-06-2023,682,123.45,Delivered
O30864,57,23-05-2023,702,11.48,Ordered
O30865,43,10-09-2024,618,30.91,Delivered
O30866,19,11-10-2023,832,30.91,Delivered
O30867,11,15-07-2024,970,83.24,Delivered
O30868,78,04-02-2023,777,87.03,Delivered
O30869,47,12-08-2023,382,71.2,Delivered
O30870,89,29-10-2024,863,22.74,Delivered
O30871,63,28-01-2024,940,3.74,Delivered
O30872,7,12-02-2024,504,21.5,Delivered
O30873,79,03-12-2024,447,56.94,Delivered
O30874,94,23-01-2024,680,60.66,Delivered
O30875,31,26-11-2024,344,167.62,Delivered
O30876,88,24-10-2023,425,30.22,Shipped
O30877,55,19-11-2023,625,50.04,Ordered
O30878,25,02-05-2024,840,38.74,Delivered
O30879,72,23-07-2024,306,8.16,Delivered
O30880,30,08-02-2023,148,30.92,Delivered
O30881,36,19-05-2024,849,39.35,Delivered
O30882,50,17-05-2024,732,150.54,Shipped
O30883,14,20-06-2024,454,22.83,Shipped
O30884,29,12-11-2023,938,195.85,Delivered
O30885,27,10-05-2024,33,39.08,Cancelled
O30886,50,27-04-2023,732,13.88,Delivered
O30887,36,08-12-2023,501,10.64,Delivered
O30888,34,28-08-2023,319,7.64,Shipped
O30889,21,17-11-2024,697,30.16,Delivered
O30890,38,20-03-2024,193,1.11,Delivered
O30891,75,01-05-2024,873,29.44,Delivered
O30892,97,15-02-2024,180,222.86,Ordered
O30893,79,14-09-2024,867,55.45,Shipped
O30894,76,25-10-2023,984,71.31,Shipped
O30895,88,21-02-2023,518,6.34,Delivered
O30896,50,31-10-2023,391,32.04,Shipped
O30897,37,15-10-2023,521,16.86,Ordered
O30898,75,25-10-2024,357,112.26,Delivered
O30899,19,28-04-2023,573,10,Delivered
O30900,1,28-02-2024,464,30.69,Delivered
O30901,81,08-10-2024,930,44.34,Delivered
O30902,40,28-07-2023,675,36.08,Delivered
O30903,55,07-05-2023,99,88.67,Delivered
O30904,80,20-10-2023,148,13.16,Delivered
O30905,26,02-06-2024,570,23.69,Shipped
O30906,43,10-08-2023,727,78.53,Delivered
O30907,59,18-03-2023,316,37.55,Delivered
O30908,51,04-12-2023,182,25.72,Delivered
O30909,15,02-10-2023,547,1.49,Delivered
O30910,8,27-04-2023,303,70,Delivered
O30911,94,19-10-2023,558,179.1,Shipped
O30912,14,28-09-2023,599,48.42,Delivered
O30913,97,22-03-2024,4,97.09,Delivered
O30914,7,06-06-2023,778,36.37,Delivered
O30915,18,25-07-2024,107,13.18,Shipped
O30916,12,03-07-2023,75,1,Cancelled
O30917,2,28-02-2024,40,52.98,Ordered
O30918,50,17-10-2024,639,33.97,Delivered
O30919,93,03-11-2024,695,76.19,Shipped
O30920,21,23-08-2024,119,59.32,Ordered
O30921,7,16-01-2023,73,220.94,Delivered
O30922,91,08-04-2023,552,35.7,Delivered
O30923,12,07-09-2024,204,27.86,Delivered
O30924,84,27-10-2023,977,16.9,Cancelled
O30925,57,26-02-2024,96,32.4,Delivered
O30926,78,03-11-2023,279,103.13,Delivered
O30927,74,01-10-2023,143,2.17,Delivered
O30928,23,18-09-2023,115,190.61,Delivered
O30929,30,27-08-2023,476,250.34,Delivered
O30930,58,28-11-2023,884,45.54,Delivered
O30931,95,25-04-2023,998,20.14,Delivered
O30932,52,25-09-2023,133,12.62,Delivered
O30933,56,12-01-2023,168,16.18,Delivered
O30934,10,14-03-2023,914,2.57,Delivered
O30935,19,10-02-2024,245,32.23,Delivered
O30936,19,27-06-2023,277,2.95,Delivered
O30937,87,16-09-2023,975,63.38,Delivered
O30938,59,04-02-2024,259,23.26,Delivered
O30939,44,27-09-2023,46,11.12,Cancelled
O30940,59,23-09-2024,346,39.36,Shipped
O30941,96,11-11-2024,847,182.02,Shipped
O30942,84,30-04-2024,895,59.39,Delivered
O30943,4,02-08-2024,237,33.84,Delivered
O30944,97,28-02-2023,53,75.01,Ordered
O30945,65,03-10-2024,148,66.87,Delivered
O30946,13,23-09-2023,699,111.16,Delivered
O30947,67,16-03-2023,533,11.45,Delivered
O30948,12,31-03-2023,90,97.91,Delivered
O30949,93,19-05-2024,233,17.91,Delivered
O30950,55,23-12-2023,727,141.51,Delivered
O30951,61,03-06-2023,881,16.5,Shipped
O30952,95,06-08-2023,51,130.76,Delivered
O30953,41,30-04-2024,665,165.92,Ordered
O30954,36,23-06-2024,836,7.86,Delivered
O30955,2,10-05-2023,628,183.45,Delivered
O30956,22,07-03-2023,394,4.48,Delivered
O30957,22,24-05-2023,214,12.33,Delivered
O30958,41,15-01-2024,451,29.36,Delivered
O30959,95,09-11-2023,339,252.55,Ordered
O30960,14,11-02-2024,351,33.53,Shipped
O30961,93,11-02-2024,649,39.97,Delivered
O30962,35,04-10-2023,285,59.28,Ordered
O30963,50,06-09-2024,933,172.56,Shipped
O30964,9,13-02-2024,878,76.47,Delivered
O30965,96,10-11-2023,583,12.69,Delivered
O30966,59,02-07-2024,245,18.05,Delivered
O30967,56,06-09-2023,550,5.14,Delivered
O30968,91,05-04-2024,728,51.7,Delivered
O30969,10,03-02-2024,639,9.97,Delivered
O30970,25,29-10-2024,584,14.88,Delivered
O30971,45,26-03-2024,226,109.51,Delivered
O30972,97,15-04-2024,827,19.78,Delivered
O30973,11,05-10-2024,441,41.81,Cancelled
O30974,9,12-07-2024,474,25.34,Delivered
O30975,7,09-03-2024,444,3.85,Delivered
O30976,71,21-03-2024,796,22.54,Delivered
O30977,34,07-12-2024,412,26.22,Delivered
O30978,83,13-04-2023,814,113.02,Delivered
O30979,20,24-11-2023,246,19.61,Shipped
O30980,89,13-11-2024,583,23.84,Shipped
O30981,5,23-08-2024,707,76.37,Delivered
O30982,93,03-09-2023,500,71.14,Delivered
O30983,55,27-02-2023,982,80.05,Delivered
O30984,91,15-04-2023,951,153.71,Delivered
O30985,89,22-11-2024,550,79.37,Delivered
O30986,15,10-03-2023,117,26.18,Shipped
O30987,48,29-10-2023,750,86.16,Delivered
O30988,4,02-06-2023,364,35.53,Delivered
O30989,78,20-06-2024,914,16.27,Cancelled
O30990,81,04-02-2023,204,18.04,Shipped
O30991,21,15-01-2023,351,12.67,Delivered
O30992,80,16-04-2023,319,7.83,Ordered
O30993,90,30-12-2024,359,10.2,Shipped
O30994,9,15-03-2023,517,3.26,Delivered
O30995,66,12-10-2023,940,109.66,Delivered
O30996,79,03-07-2024,489,133.69,Shipped
O30997,35,16-07-2023,669,44.19,Shipped
O30998,88,07-10-2023,107,91.78,Delivered
O30999,51,16-11-2024,740,10.14,Cancelled
O31000,78,09-07-2024,654,115.97,Delivered
O31001,37,27-10-2024,826,35.3,Delivered
O31002,6,02-06-2023,172,3.48,Shipped
O31003,82,18-10-2023,658,7.62,Delivered
O31004,86,22-05-2023,519,18.48,Delivered
O31005,82,08-11-2023,855,2.23,Delivered
O31006,51,07-10-2024,865,18.5,Ordered
O31007,66,01-02-2023,958,3.09,Delivered
O31008,96,26-01-2023,813,13.46,Delivered
O31009,17,12-09-2023,528,15.44,Shipped
O31010,65,25-02-2023,320,258.97,Shipped
O31011,9,20-10-2023,37,13.43,Delivered
O31012,13,28-09-2024,499,13.67,Delivered
O31013,100,18-08-2023,665,58.04,Ordered
O31014,58,22-02-2023,265,98.08,Delivered
O31015,30,11-04-2023,695,24.47,Shipped
O31016,31,11-04-2024,668,104.22,Shipped
O31017,23,24-09-2023,649,20.79,Delivered
O31018,63,02-01-2023,908,10.97,Delivered
O31019,28,22-01-2023,402,20,Delivered
O31020,59,31-07-2024,987,47,Delivered
O31021,10,31-07-2023,602,22.88,Delivered
O31022,89,24-08-2023,952,55.87,Delivered
O31023,100,12-06-2024,218,13.52,Cancelled
O31024,90,23-01-2024,330,60.36,Delivered
O31025,26,14-01-2023,186,21.34,Delivered
O31026,77,02-06-2024,381,30.43,Shipped
O31027,17,10-08-2023,209,40.79,Delivered
O31028,40,07-09-2024,563,57.95,Delivered
O31029,68,07-02-2024,288,13.64,Delivered
O31030,23,27-05-2024,88,90.38,Delivered
O31031,35,14-10-2023,944,63.98,Shipped
O31032,75,19-01-2024,136,13.34,Ordered
O31033,76,04-09-2023,158,184.39,Shipped
O31034,9,01-04-2023,794,54.65,Delivered
O31035,79,08-11-2023,920,30.11,Delivered
O31036,45,12-03-2024,155,8.57,Shipped
O31037,37,26-12-2024,463,38.09,Delivered
O31038,69,12-02-2023,220,9,Ordered
O31039,19,15-03-2023,459,28.06,Shipped
O31040,75,14-07-2024,167,26.27,Delivered
O31041,73,12-11-2023,322,63.64,Delivered
O31042,99,24-05-2023,691,10.68,Shipped
O31043,27,25-11-2023,841,86.26,Shipped
O31044,13,28-07-2023,562,19.74,Delivered
O31045,57,09-04-2023,813,29.35,Shipped
O31046,60,30-11-2024,512,74,Delivered
O31047,12,24-04-2023,87,49.09,Delivered
O31048,9,24-06-2023,545,18.41,Delivered
O31049,92,28-09-2023,275,24.4,Delivered
O31050,77,04-03-2023,141,18.25,Delivered
O31051,84,08-02-2024,718,45.17,Shipped
O31052,77,13-08-2023,736,20.22,Delivered
O31053,27,10-06-2023,625,64.68,Shipped
O31054,90,05-02-2023,790,43.35,Delivered
O31055,63,16-01-2024,916,7.87,Delivered
O31056,93,14-10-2024,353,18.57,Delivered
O31057,29,14-11-2023,5,12.52,Delivered
O31058,22,08-12-2024,382,24.74,Delivered
O31059,73,24-10-2024,724,36.28,Shipped
O31060,88,31-03-2024,768,35.34,Delivered
O31061,19,26-09-2023,334,70.23,Delivered
O31062,38,10-12-2023,475,10.48,Delivered
O31063,95,09-02-2023,986,146.38,Shipped
O31064,39,18-02-2024,928,20.99,Shipped
O31065,15,15-01-2024,30,17.85,Shipped
O31066,54,10-08-2023,347,57.79,Shipped
O31067,32,08-10-2023,922,81.87,Delivered
O31068,46,13-08-2023,594,23.78,Ordered
O31069,61,01-04-2024,493,68.69,Shipped
O31070,93,03-06-2023,983,107.59,Delivered
O31071,52,07-10-2023,748,72.79,Delivered
O31072,34,19-12-2023,495,1.74,Delivered
O31073,73,08-02-2023,856,87.83,Delivered
O31074,35,29-12-2024,388,74.47,Ordered
O31075,70,12-09-2024,873,55.33,Ordered
O31076,37,26-07-2024,835,71.36,Ordered
O31077,78,03-05-2024,253,194.18,Delivered
O31078,61,17-07-2023,630,28.2,Ordered
O31079,49,03-10-2023,939,3.48,Delivered
O31080,9,21-06-2023,30,30.89,Shipped
O31081,19,22-05-2024,623,2.38,Delivered
O31082,87,09-02-2024,912,17.42,Delivered
O31083,28,28-09-2023,766,44.2,Delivered
O31084,80,07-07-2024,711,18.53,Delivered
O31085,26,01-12-2024,807,57.82,Delivered
O31086,38,25-10-2024,342,86.29,Delivered
O31087,40,11-05-2023,809,27.27,Delivered
O31088,25,17-09-2024,287,115.2,Delivered
O31089,99,20-01-2024,945,4.16,Delivered
O31090,69,01-02-2024,397,91.66,Delivered
O31091,71,19-07-2024,509,88.18,Delivered
O31092,23,23-10-2023,937,19.43,Shipped
O31093,89,18-01-2024,244,17.74,Shipped
O31094,65,26-05-2024,221,18.2,Delivered
O31095,22,30-01-2024,156,83.4,Shipped
O31096,64,07-07-2024,383,89.09,Shipped
O31097,68,27-08-2024,748,20,Delivered
O31098,58,17-09-2023,320,44.9,Delivered
O31099,28,08-10-2023,373,7.48,Delivered
O31100,78,22-12-2023,531,31.63,Delivered
O31101,97,24-02-2024,215,335.97,Delivered
O31102,68,11-07-2023,367,8.65,Delivered
O31103,75,28-09-2024,114,147.41,Ordered
O31104,96,03-03-2024,200,86.94,Shipped
O31105,4,14-12-2023,25,179.16,Delivered
O31106,1,04-03-2024,934,9.9,Delivered
O31107,26,27-01-2024,121,12.01,Shipped
O31108,33,07-12-2023,742,1,Delivered
O31109,81,30-06-2024,611,64.5,Delivered
O31110,27,06-02-2024,858,51.65,Delivered
O31111,42,16-02-2023,3,9.8,Delivered
O31112,69,26-10-2024,898,78.31,Delivered
O31113,71,29-02-2024,773,17.78,Delivered
O31114,64,31-05-2024,445,7.25,Cancelled
O31115,25,28-09-2024,254,27.46,Shipped
O31116,72,24-11-2023,20,4.77,Delivered
O31117,98,28-03-2023,204,15.27,Delivered
O31118,4,29-05-2024,806,23.21,Delivered
O31119,12,14-06-2023,976,95.48,Delivered
O31120,58,11-08-2023,357,78.64,Delivered
O31121,95,24-10-2023,128,29.24,Delivered
O31122,11,26-03-2024,358,64.47,Ordered
O31123,59,09-12-2023,292,42.04,Cancelled
O31124,36,07-12-2023,174,20.84,Delivered
O31125,22,05-04-2024,733,64.71,Delivered
O31126,65,27-01-2024,355,57.52,Delivered
O31127,50,20-06-2024,881,48.26,Shipped
O31128,4,04-07-2024,37,48.11,Ordered
O31129,100,25-02-2024,310,57.44,Delivered
O31130,72,16-01-2024,661,24.27,Delivered
O31131,89,08-09-2024,917,101.66,Shipped
O31132,92,05-01-2023,604,8.86,Delivered
O31133,52,09-10-2024,582,107.66,Delivered
O31134,100,04-01-2023,84,20.95,Delivered
O31135,100,11-11-2024,510,6.68,Delivered
O31136,43,12-11-2023,444,45.82,Delivered
O31137,46,19-03-2023,420,23.58,Delivered
O31138,4,14-06-2024,205,84.51,Shipped
O31139,13,17-12-2024,488,28.17,Delivered
O31140,38,21-12-2023,779,55.22,Delivered
O31141,45,02-02-2023,88,18.43,Cancelled
O31142,25,23-10-2024,252,11.75,Delivered
O31143,67,05-12-2024,723,24.56,Delivered
O31144,55,19-05-2023,855,46.67,Delivered
O31145,96,29-09-2023,31,53.49,Delivered
O31146,39,15-07-2023,869,43.16,Cancelled
O31147,65,07-05-2023,421,221.38,Delivered
O31148,75,15-12-2023,828,58.74,Delivered
O31149,2,13-02-2023,61,134.06,Delivered
O31150,69,28-12-2024,579,6.27,Ordered
O31151,86,01-09-2023,226,3.17,Delivered
O31152,62,09-01-2023,925,18.63,Delivered
O31153,46,12-12-2024,963,7.34,Delivered
O31154,77,20-03-2023,335,37.31,Shipped
O31155,87,09-07-2023,839,36.59,Delivered
O31156,31,27-03-2023,579,42.79,Delivered
O31157,99,29-04-2024,640,68.37,Delivered
O31158,35,28-09-2023,111,177.59,Ordered
O31159,45,27-05-2024,491,105.29,Delivered
O31160,77,20-01-2023,272,6.3,Delivered
O31161,54,03-05-2024,813,20.66,Delivered
O31162,71,10-05-2023,34,14.77,Delivered
O31163,69,04-10-2024,212,9.73,Shipped
O31164,29,07-01-2023,300,39.34,Delivered
O31165,72,04-12-2024,373,40.29,Delivered
O31166,8,06-11-2023,125,12.89,Delivered
O31167,54,18-09-2024,103,62.22,Delivered
O31168,7,17-04-2024,993,66.01,Delivered
O31169,83,12-04-2023,718,1.06,Delivered
O31170,23,04-12-2023,120,25.19,Delivered
O31171,100,15-11-2023,682,110.43,Ordered
O31172,32,27-05-2024,547,36.73,Delivered
O31173,62,25-01-2023,894,21.36,Shipped
O31174,45,21-12-2024,331,14.63,Ordered
O31175,68,05-03-2024,758,13.94,Ordered
O31176,30,23-05-2023,852,5.26,Delivered
O31177,39,09-12-2024,926,84.98,Delivered
O31178,5,18-10-2024,309,4.53,Delivered
O31179,67,29-05-2023,570,17.29,Ordered
O31180,22,23-11-2024,412,2.34,Delivered
O31181,28,24-02-2023,399,76.02,Delivered
O31182,22,15-04-2024,934,2,Delivered
O31183,86,29-12-2023,306,18.43,Shipped
O31184,98,11-10-2024,653,42.58,Shipped
O31185,29,28-07-2023,623,26.34,Shipped
O31186,43,04-07-2023,163,16.58,Delivered
O31187,42,06-03-2023,623,16.09,Delivered
O31188,60,02-07-2024,664,79.92,Delivered
O31189,77,22-04-2023,888,182.44,Delivered
O31190,71,20-09-2023,65,21.39,Delivered
O31191,74,17-03-2023,618,2,Delivered
O31192,92,23-10-2023,216,1.86,Cancelled
O31193,68,27-06-2023,603,71.19,Shipped
O31194,59,01-01-2023,914,40.19,Delivered
O31195,96,28-05-2023,954,76.53,Delivered
O31196,86,01-11-2024,26,59.78,Ordered
O31197,84,23-10-2024,669,119.03,Cancelled
O31198,84,09-05-2023,584,108.5,Delivered
O31199,6,29-09-2024,44,77.64,Delivered
O31200,73,27-05-2024,90,32.24,Delivered
O31201,28,20-09-2024,133,18.42,Delivered
O31202,77,16-05-2024,161,35.37,Shipped
O31203,31,29-05-2023,744,34.86,Ordered
O31204,39,26-09-2023,380,47.12,Delivered
O31205,50,01-12-2024,261,10.3,Delivered
O31206,78,14-10-2024,383,53.3,Shipped
O31207,86,15-04-2023,369,30.5,Delivered
O31208,37,10-04-2024,111,48.41,Delivered
O31209,88,08-10-2023,676,13.7,Shipped
O31210,72,11-02-2024,77,28.49,Delivered
O31211,15,04-09-2024,209,11.8,Delivered
O31212,51,24-12-2023,13,104.09,Delivered
O31213,70,05-11-2024,921,33.47,Delivered
O31214,23,22-07-2023,570,12.74,Ordered
O31215,25,03-09-2024,898,2.1,Delivered
O31216,95,08-10-2023,856,56.31,Delivered
O31217,46,14-09-2023,548,12.08,Delivered
O31218,93,04-04-2023,25,228.21,Shipped
O31219,23,20-11-2023,546,38.15,Delivered
O31220,10,28-12-2023,140,17.05,Delivered
O31221,73,23-10-2024,275,53.6,Delivered
O31222,77,17-12-2023,370,16.09,Delivered
O31223,32,03-03-2023,874,85.82,Delivered
O31224,51,02-10-2024,222,18.43,Ordered
O31225,41,06-07-2023,37,222.19,Delivered
O31226,65,02-08-2024,875,46.46,Delivered
O31227,65,25-06-2024,129,93.03,Ordered
O31228,40,31-10-2023,316,3.78,Shipped
O31229,18,30-09-2024,323,21.41,Ordered
O31230,36,11-03-2024,433,66.87,Ordered
O31231,31,01-08-2023,218,53.22,Delivered
O31232,54,10-02-2024,847,10.8,Shipped
O31233,63,14-05-2023,942,22.02,Delivered
O31234,1,07-08-2023,248,15.29,Delivered
O31235,52,25-02-2024,111,47.51,Delivered
O31236,100,15-11-2023,816,21.12,Delivered
O31237,57,06-06-2023,732,18.48,Delivered
O31238,9,07-07-2023,708,11.62,Delivered
O31239,86,20-04-2024,147,26.3,Shipped
O31240,92,11-06-2023,344,10.88,Delivered
O31241,90,09-05-2023,509,164.26,Delivered
O31242,74,31-10-2023,505,8.39,Ordered
O31243,56,30-03-2023,552,122.27,Delivered
O31244,47,11-06-2023,134,27.97,Delivered
O31245,3,05-02-2023,464,23.73,Shipped
O31246,2,15-08-2023,864,13.15,Delivered
O31247,54,31-05-2023,990,50.5,Delivered
O31248,37,15-08-2024,191,57.84,Delivered
O31249,56,16-02-2023,163,31.52,Delivered
O31250,31,16-12-2024,456,2.87,Cancelled
O31251,97,21-10-2024,61,125.36,Shipped
O31252,96,19-08-2023,5,196.43,Delivered
O31253,12,22-06-2024,37,28.2,Delivered
O31254,58,01-12-2024,460,47.55,Delivered
O31255,67,14-06-2023,217,29.92,Ordered
O31256,26,24-12-2024,737,19.42,Ordered
O31257,78,09-08-2024,999,4.02,Delivered
O31258,12,26-08-2024,728,30.45,Delivered
O31259,90,27-07-2024,139,85.29,Delivered
O31260,16,07-03-2023,618,1,Delivered
O31261,53,21-03-2023,99,43.63,Delivered
O31262,72,20-05-2023,680,106.34,Shipped
O31263,49,04-02-2024,961,12.27,Shipped
O31264,49,10-05-2023,264,10.12,Cancelled
O31265,92,21-03-2024,599,73.98,Delivered
O31266,7,29-01-2023,596,14.72,Delivered
O31267,15,21-07-2023,224,10.66,Delivered
O31268,36,25-08-2023,11,23.74,Delivered
O31269,72,21-08-2024,327,24.92,Shipped
O31270,74,30-08-2024,698,103.61,Shipped
O31271,15,05-12-2023,350,48.17,Delivered
O31272,62,03-02-2024,379,26.04,Delivered
O31273,18,14-03-2024,944,38.22,Ordered
O31274,46,16-10-2023,231,153.92,Shipped
O31275,61,09-09-2023,141,6.01,Delivered
O31276,43,22-11-2024,618,11.64,Shipped
O31277,44,10-04-2023,765,164.21,Delivered
O31278,99,07-08-2024,956,157.71,Shipped
O31279,66,26-02-2024,49,9.75,Delivered
O31280,55,04-10-2024,451,7.84,Delivered
O31281,86,24-11-2024,775,27.33,Shipped
O31282,79,06-12-2024,491,2.55,Delivered
O31283,39,18-01-2023,205,53.2,Delivered
O31284,100,15-04-2024,869,4.03,Delivered
O31285,5,29-09-2024,409,2.99,Delivered
O31286,57,23-12-2024,407,33.2,Delivered
O31287,15,07-01-2023,51,158.25,Delivered
O31288,91,23-02-2024,175,27.83,Delivered
O31289,16,15-01-2024,737,22.04,Delivered
O31290,57,22-05-2024,261,309.66,Delivered
O31291,100,24-04-2023,480,37.96,Delivered
O31292,82,25-05-2024,734,23.52,Shipped
O31293,99,18-08-2024,223,24.38,Shipped
O31294,25,05-09-2024,269,10.84,Shipped
O31295,22,13-04-2024,810,35.89,Delivered
O31296,31,03-04-2023,893,28.89,Delivered
O31297,34,06-05-2024,901,15.79,Delivered
O31298,87,12-04-2023,919,8.75,Shipped
O31299,16,07-05-2024,318,18.64,Shipped
O31300,70,19-06-2024,385,35.53,Delivered
O31301,59,29-04-2024,586,3.01,Delivered
O31302,15,23-04-2024,626,8.35,Shipped
O31303,82,16-06-2023,219,147.5,Delivered
O31304,13,20-05-2023,54,39.14,Delivered
O31305,24,04-04-2023,200,3.28,Delivered
O31306,13,30-06-2023,884,59.06,Delivered
O31307,65,29-07-2024,643,3.19,Delivered
O31308,36,04-01-2023,339,67.14,Delivered
O31309,49,28-08-2024,704,69.31,Ordered
O31310,82,24-01-2024,691,52.65,Delivered
O31311,48,29-09-2023,898,65.88,Delivered
O31312,97,12-05-2023,305,4.6,Delivered
O31313,43,06-08-2024,799,64.87,Delivered
O31314,6,15-08-2024,752,7.35,Shipped
O31315,81,26-05-2024,245,20.74,Delivered
O31316,68,16-11-2024,842,143.01,Delivered
O31317,14,21-02-2023,629,34.95,Delivered
O31318,30,17-10-2023,208,171.21,Delivered
O31319,84,21-03-2024,997,4.66,Delivered
O31320,8,25-08-2023,724,32.46,Shipped
O31321,54,05-05-2024,511,3.22,Delivered
O31322,66,07-10-2023,259,49.74,Ordered
O31323,4,13-02-2023,380,4.1,Shipped
O31324,74,25-12-2023,163,9.64,Shipped
O31325,84,07-10-2024,738,14.98,Ordered
O31326,60,21-07-2024,341,69.06,Delivered
O31327,53,09-06-2024,932,8.95,Cancelled
O31328,99,20-11-2024,576,93.75,Shipped
O31329,74,06-04-2024,928,7.07,Delivered
O31330,92,11-04-2023,758,1.79,Shipped
O31331,15,22-11-2024,530,25.13,Delivered
O31332,100,05-04-2024,34,194.22,Delivered
O31333,1,25-09-2023,824,5.85,Delivered
O31334,22,28-12-2023,998,5.36,Shipped
O31335,91,12-02-2024,323,69.55,Delivered
O31336,93,06-02-2023,181,18.71,Ordered
O31337,15,12-04-2024,963,63.17,Delivered
O31338,74,16-12-2024,347,11.16,Delivered
O31339,84,16-09-2023,706,30.82,Delivered
O31340,22,23-05-2024,192,15.41,Delivered
O31341,50,28-10-2024,579,30.03,Delivered
O31342,48,05-11-2023,721,73.29,Delivered
O31343,73,03-09-2024,878,71.78,Delivered
O31344,51,30-09-2023,679,36.26,Shipped
O31345,96,16-09-2024,246,131.81,Delivered
O31346,17,20-04-2023,245,15.31,Shipped
O31347,83,16-10-2024,678,13.74,Ordered
O31348,91,09-11-2024,808,47.57,Shipped
O31349,51,17-09-2023,915,48.55,Delivered
O31350,37,18-10-2024,723,2.38,Delivered
O31351,98,25-09-2023,133,46.8,Shipped
O31352,49,01-02-2023,197,23.46,Delivered
O31353,59,26-06-2023,910,68.81,Delivered
O31354,10,14-04-2023,347,82.54,Delivered
O31355,30,24-08-2023,49,40.17,Delivered
O31356,85,03-04-2023,64,1,Delivered
O31357,21,20-07-2023,624,50.58,Delivered
O31358,34,19-08-2024,868,69.09,Shipped
O31359,73,04-02-2023,697,14.32,Delivered
O31360,98,27-04-2023,104,31.24,Delivered
O31361,50,18-11-2024,931,168.67,Ordered
O31362,76,02-04-2024,213,17.7,Shipped
O31363,47,15-04-2024,517,12.63,Delivered
O31364,85,03-02-2024,119,11.84,Shipped
O31365,84,19-08-2024,856,40.91,Shipped
O31366,6,27-04-2023,761,149.57,Delivered
O31367,50,28-12-2023,679,46.91,Delivered
O31368,100,23-07-2023,895,18.07,Delivered
O31369,63,26-05-2023,242,50.88,Delivered
O31370,12,19-03-2024,280,49.02,Delivered
O31371,41,27-12-2024,424,45.43,Delivered
O31372,31,08-09-2024,363,8.68,Shipped
O31373,2,24-10-2023,750,50.33,Shipped
O31374,16,03-08-2024,306,28.12,Delivered
O31375,1,01-05-2024,717,1,Delivered
O31376,4,19-08-2023,486,38.8,Delivered
O31377,47,22-07-2023,314,226.72,Delivered
O31378,65,28-12-2023,513,21.52,Shipped
O31379,52,30-01-2024,683,168.43,Delivered
O31380,47,05-09-2023,167,5.06,Delivered
O31381,99,15-03-2024,394,65.92,Delivered
O31382,77,31-01-2024,770,6.07,Delivered
O31383,50,17-10-2024,63,15.98,Cancelled
O31384,45,22-12-2023,272,42.3,Delivered
O31385,42,05-02-2024,37,44.92,Delivered
O31386,95,29-08-2023,16,74.63,Ordered
O31387,84,07-12-2023,766,47.77,Shipped
O31388,56,17-08-2023,343,45.02,Ordered
O31389,71,26-06-2024,346,121.72,Shipped
O31390,57,12-09-2024,848,30.09,Delivered
O31391,33,22-06-2024,539,12.76,Delivered
O31392,28,02-11-2024,959,8.82,Delivered
O31393,44,12-06-2024,623,25.54,Delivered
O31394,56,24-09-2023,233,62.37,Delivered
O31395,44,09-05-2023,990,2.17,Shipped
O31396,84,08-08-2023,576,6.91,Delivered
O31397,96,23-03-2023,609,5.61,Delivered
O31398,73,14-07-2024,416,44,Delivered
O31399,34,06-07-2024,905,13.91,Delivered
O31400,14,20-01-2023,267,9.09,Ordered
O31401,68,23-11-2023,997,44.92,Delivered
O31402,29,06-02-2023,326,71.63,Delivered
O31403,79,17-01-2024,926,20.18,Delivered
O31404,17,08-02-2023,744,43.16,Cancelled
O31405,83,19-04-2023,911,5.16,Delivered
O31406,9,04-03-2024,443,136.82,Ordered
O31407,27,05-03-2023,560,20.54,Shipped
O31408,49,24-06-2023,862,299.69,Delivered
O31409,79,01-02-2023,722,192.19,Shipped
O31410,37,21-12-2024,76,75.44,Delivered
O31411,28,14-06-2024,247,1.01,Shipped
O31412,50,16-04-2023,828,39.21,Cancelled
O31413,55,26-04-2024,580,4.54,Delivered
O31414,4,25-07-2023,313,112.76,Shipped
O31415,85,04-09-2023,576,77.95,Delivered
O31416,98,09-11-2024,694,179.39,Delivered
O31417,19,30-03-2023,592,46.87,Delivered
O31418,37,12-11-2023,343,36.93,Delivered
O31419,4,11-01-2023,715,36.59,Ordered
O31420,37,18-02-2023,182,24.42,Delivered
O31421,51,26-07-2024,955,31.62,Delivered
O31422,32,20-06-2023,984,50.45,Delivered
O31423,45,23-05-2023,726,135.11,Delivered
O31424,12,26-07-2023,935,45.3,Shipped
O31425,41,07-04-2024,632,97.29,Ordered
O31426,56,23-05-2024,399,99.31,Delivered
O31427,80,20-07-2023,241,36.58,Cancelled
O31428,14,05-01-2023,847,21.34,Delivered
O31429,54,30-07-2023,714,51.02,Shipped
O31430,63,29-01-2023,924,29.52,Shipped
O31431,65,09-07-2023,292,4.25,Shipped
O31432,58,07-07-2023,54,23.73,Delivered
O31433,96,30-05-2023,145,256.4,Delivered
O31434,21,08-06-2024,356,2.49,Delivered
O31435,4,01-01-2024,598,59.65,Shipped
O31436,73,06-06-2023,983,92,Ordered
O31437,46,21-03-2023,477,52.31,Delivered
O31438,86,30-09-2023,22,42.17,Delivered
O31439,12,21-10-2024,331,61.47,Delivered
O31440,30,18-12-2024,292,28.05,Cancelled
O31441,94,17-09-2024,236,4.79,Delivered
O31442,96,01-06-2024,29,164,Shipped
O31443,60,20-08-2023,695,28.31,Shipped
O31444,100,10-10-2024,938,54.74,Delivered
O31445,71,09-06-2023,160,37.89,Delivered
O31446,81,10-12-2023,910,2.81,Delivered
O31447,65,16-10-2023,530,152.61,Delivered
O31448,14,24-07-2023,550,78.64,Delivered
O31449,44,01-11-2023,101,8.07,Ordered
O31450,26,26-12-2023,290,199.9,Delivered
O31451,91,31-10-2024,377,66.76,Delivered
O31452,16,04-02-2024,173,31.96,Delivered
O31453,7,24-03-2024,343,47.26,Delivered
O31454,32,16-04-2023,928,5.64,Delivered
O31455,89,23-03-2023,878,41.1,Shipped
O31456,95,08-12-2023,579,3.83,Delivered
O31457,16,25-02-2024,191,39.36,Delivered
O31458,78,18-02-2023,439,40.23,Delivered
O31459,89,25-07-2023,555,103.75,Ordered
O31460,62,06-08-2023,635,64.56,Shipped
O31461,30,06-11-2024,790,14.35,Shipped
O31462,71,11-03-2024,343,109.65,Delivered
O31463,12,18-11-2023,708,42.58,Delivered
O31464,67,19-08-2023,845,46.62,Shipped
O31465,91,11-12-2024,125,9.26,Delivered
O31466,46,01-05-2024,608,97.52,Delivered
O31467,83,04-03-2024,890,133.66,Delivered
O31468,43,26-12-2024,669,74.58,Ordered
O31469,55,11-10-2023,552,141.3,Shipped
O31470,45,30-04-2024,360,18,Shipped
O31471,60,03-10-2023,503,98.71,Cancelled
O31472,71,08-03-2024,173,33.56,Delivered
O31473,80,04-07-2023,887,8.95,Shipped
O31474,32,22-12-2024,394,55.25,Shipped
O31475,8,24-09-2024,461,57.62,Shipped
O31476,77,04-08-2023,685,16.91,Shipped
O31477,62,07-04-2023,120,1.39,Delivered
O31478,75,29-04-2023,273,11.15,Delivered
O31479,20,31-12-2023,358,25.52,Delivered
O31480,18,07-02-2024,386,9.17,Delivered
O31481,6,09-09-2024,913,10.79,Delivered
O31482,84,01-02-2024,876,24.83,Shipped
O31483,96,02-04-2024,858,163.23,Delivered
O31484,29,14-11-2023,887,72.25,Delivered
O31485,4,17-01-2024,934,19.26,Shipped
O31486,71,22-05-2023,933,151.42,Delivered
O31487,43,01-04-2024,319,51.87,Delivered
O31488,84,15-05-2024,261,30.39,Shipped
O31489,34,19-11-2023,281,31.58,Delivered
O31490,100,25-09-2023,329,26.44,Ordered
O31491,71,01-05-2024,124,13.26,Delivered
O31492,33,09-11-2024,476,24.44,Delivered
O31493,15,09-06-2023,278,37.53,Delivered
O31494,96,14-01-2023,93,37.54,Ordered
O31495,86,05-12-2024,959,71.72,Delivered
O31496,40,04-06-2023,547,22.22,Cancelled
O31497,93,11-04-2023,823,63.08,Shipped
O31498,89,25-07-2024,128,43.15,Delivered
O31499,5,12-02-2023,532,163.31,Delivered
