date,po_id,supplier,po_cost,lead_time_days,delivered_qty,ordered_qty,on_time,region
2023-04-13,PO10000,Supplier_13,4445.22,19,392,425,False,EU
2024-03-11,PO10001,Supplier_5,1963.7,11,18,93,True,NA
2025-05-10,PO10002,Supplier_1,6625.7,11,57,412,False,NA
2023-09-28,PO10003,Supplier_1,8918.38,15,112,432,True,NA
2023-04-17,PO10004,Supplier_18,4254.24,14,5,159,True,LATAM
2023-03-13,PO10005,Supplier_15,10409.14,13,410,14,True,APAC
2024-12-01,PO10006,Supplier_17,1106.04,10,414,373,True,APAC
2023-01-21,PO10007,Supplier_11,7635.91,19,182,225,True,APAC
2024-09-06,PO10008,Supplier_17,9178.8,18,13,505,True,APAC
2023-05-02,PO10009,Supplier_13,4489.92,16,339,73,True,EU
2024-04-11,PO10010,Supplier_1,4534.86,14,285,249,True,APAC
2023-08-03,PO10011,Supplier_2,7606.91,12,259,511,True,NA
2023-11-27,PO10012,Supplier_9,6264.98,15,90,216,True,APAC
2024-04-03,PO10013,Supplier_3,200.0,20,104,220,True,APAC
2023-03-29,PO10014,Supplier_1,2891.57,13,379,221,True,EU
2024-01-08,PO10015,Supplier_16,4966.13,17,186,389,False,NA
2023-04-10,PO10016,Supplier_6,1575.75,13,250,42,True,NA
2025-05-21,PO10017,Supplier_17,3814.56,10,255,283,True,APAC
2024-10-25,PO10018,Supplier_5,1638.29,16,76,58,True,APAC
2023-05-11,PO10019,Supplier_5,4074.57,20,386,73,True,LATAM
2024-10-23,PO10020,Supplier_6,4158.44,14,459,129,True,NA
2023-11-05,PO10021,Supplier_3,5879.39,21,108,426,True,APAC
2025-02-08,PO10022,Supplier_5,4770.6,9,156,125,True,EU
2023-12-10,PO10023,Supplier_5,6256.97,19,82,67,True,LATAM
2024-05-06,PO10024,Supplier_10,5958.86,13,77,6,True,EU
2024-02-18,PO10025,Supplier_10,7578.35,21,485,314,True,EU
2025-03-16,PO10026,Supplier_19,7184.46,9,470,326,False,EU
2024-01-21,PO10027,Supplier_17,6920.31,18,460,506,True,APAC
2023-07-11,PO10028,Supplier_14,12762.17,9,258,82,True,MEA
2025-08-13,PO10029,Supplier_9,5868.51,19,127,2,True,NA
2023-10-04,PO10030,Supplier_14,11483.93,11,485,204,True,NA
2023-06-10,PO10031,Supplier_1,6030.55,11,391,404,True,MEA
2024-04-04,PO10032,Supplier_19,4792.87,8,282,103,True,EU
2023-11-10,PO10033,Supplier_13,4067.09,13,474,368,False,APAC
2023-01-22,PO10034,Supplier_13,8774.31,14,88,212,True,EU
2023-09-10,PO10035,Supplier_4,9101.26,15,204,209,True,NA
2025-01-17,PO10036,Supplier_1,6499.46,10,16,117,True,APAC
2025-05-06,PO10037,Supplier_17,7833.87,13,151,478,True,APAC
2024-07-14,PO10038,Supplier_8,1806.95,12,424,105,True,NA
2024-04-19,PO10039,Supplier_2,1128.05,17,254,495,True,NA
2023-02-28,PO10040,Supplier_8,8115.82,21,188,46,True,LATAM
2024-05-25,PO10041,Supplier_7,4682.97,14,329,331,True,NA
2024-11-12,PO10042,Supplier_2,6873.26,8,32,216,True,LATAM
2024-04-20,PO10043,Supplier_3,3206.78,17,271,492,True,NA
2024-11-30,PO10044,Supplier_18,9142.47,8,485,449,True,EU
2025-09-02,PO10045,Supplier_12,1148.95,18,397,511,True,MEA
2025-02-21,PO10046,Supplier_1,1536.04,22,5,458,True,APAC
2023-07-09,PO10047,Supplier_12,8610.78,17,459,484,True,EU
2025-08-15,PO10048,Supplier_5,200.0,20,330,16,True,APAC
2024-11-17,PO10049,Supplier_17,5946.42,17,308,243,True,NA
2025-08-15,PO10050,Supplier_16,4731.69,11,333,207,True,NA
2024-07-16,PO10051,Supplier_15,3160.12,15,169,271,True,MEA
2025-05-25,PO10052,Supplier_15,4500.15,13,181,115,True,APAC
2024-07-20,PO10053,Supplier_5,2881.19,10,366,299,True,APAC
2023-09-01,PO10054,Supplier_14,8855.64,12,178,483,True,NA
2025-04-11,PO10055,Supplier_2,9511.24,17,143,397,True,NA
2024-05-19,PO10056,Supplier_11,3285.66,16,362,394,True,NA
2023-05-11,PO10057,Supplier_19,5688.81,15,248,75,False,EU
2024-04-29,PO10058,Supplier_7,1687.31,14,127,482,True,APAC
2025-03-29,PO10059,Supplier_6,7682.63,16,263,103,True,EU
2024-10-08,PO10060,Supplier_2,7617.52,18,40,297,False,LATAM
2023-01-21,PO10061,Supplier_6,4261.84,11,412,178,True,NA
2025-04-20,PO10062,Supplier_18,5042.21,15,416,215,True,NA
2023-06-16,PO10063,Supplier_2,4765.59,11,355,315,True,NA
2023-10-01,PO10064,Supplier_18,953.86,16,255,39,False,EU
2024-01-23,PO10065,Supplier_15,8865.01,15,143,259,False,NA
2024-08-23,PO10066,Supplier_19,3082.62,10,240,7,True,MEA
2023-11-12,PO10067,Supplier_2,3099.63,15,228,49,True,NA
2023-01-14,PO10068,Supplier_20,4623.95,18,341,161,True,MEA
2023-08-30,PO10069,Supplier_6,7488.87,14,198,176,True,EU
2025-02-15,PO10070,Supplier_1,3521.74,10,65,2,True,MEA
2023-12-12,PO10071,Supplier_15,200.0,12,388,455,True,EU
2024-07-18,PO10072,Supplier_10,2782.5,14,11,276,True,MEA
2025-06-16,PO10073,Supplier_19,6060.35,16,108,498,False,NA
2023-12-06,PO10074,Supplier_17,10474.38,21,26,28,True,APAC
2023-04-02,PO10075,Supplier_5,1850.2,11,445,333,True,MEA
2024-01-02,PO10076,Supplier_4,1758.75,13,421,1,True,NA
2025-08-13,PO10077,Supplier_10,1218.51,17,151,188,True,NA
2024-03-30,PO10078,Supplier_17,908.19,17,221,56,True,EU
2024-03-03,PO10079,Supplier_10,8014.23,10,341,112,False,MEA
2024-05-23,PO10080,Supplier_17,8736.72,15,496,310,True,EU
2025-02-14,PO10081,Supplier_20,5444.39,14,237,36,True,EU
2025-07-31,PO10082,Supplier_5,3830.72,16,237,439,True,NA
2023-02-04,PO10083,Supplier_2,9477.86,13,497,325,False,NA
2023-07-25,PO10084,Supplier_6,5434.77,8,219,307,True,LATAM
2023-03-22,PO10085,Supplier_2,7723.59,14,487,109,True,NA
2025-07-20,PO10086,Supplier_13,3708.88,22,424,372,True,APAC
2024-07-15,PO10087,Supplier_11,5110.61,10,461,357,False,MEA
2025-05-21,PO10088,Supplier_11,1906.65,20,151,181,True,NA
2024-01-23,PO10089,Supplier_16,6573.12,10,123,356,True,APAC
2023-01-02,PO10090,Supplier_11,5477.34,17,144,68,False,NA
2024-01-25,PO10091,Supplier_19,2763.59,16,478,292,True,APAC
2024-07-19,PO10092,Supplier_15,2797.23,13,189,181,True,NA
2023-04-16,PO10093,Supplier_16,9039.9,17,255,466,True,APAC
2025-02-10,PO10094,Supplier_11,9929.17,11,68,434,False,NA
2025-04-01,PO10095,Supplier_16,4467.16,15,104,464,True,EU
2024-04-21,PO10096,Supplier_8,5169.38,17,336,66,False,EU
2024-12-03,PO10097,Supplier_4,6000.29,15,159,21,True,NA
2024-02-06,PO10098,Supplier_8,5370.08,10,309,384,True,APAC
2024-12-30,PO10099,Supplier_4,814.26,18,362,39,False,NA
2024-07-09,PO10100,Supplier_3,6069.68,11,409,285,True,APAC
2023-06-11,PO10101,Supplier_3,200.0,20,300,336,True,NA
2023-07-21,PO10102,Supplier_18,3168.29,20,396,188,True,APAC
2025-08-15,PO10103,Supplier_19,6263.57,14,90,243,True,NA
2025-09-22,PO10104,Supplier_19,6499.99,14,357,73,True,EU
2023-09-27,PO10105,Supplier_5,2974.82,8,256,479,True,NA
2025-05-12,PO10106,Supplier_18,3853.91,6,496,101,True,APAC
2025-03-26,PO10107,Supplier_10,3515.41,11,353,514,False,NA
2023-09-28,PO10108,Supplier_6,4742.89,15,220,176,True,LATAM
2024-03-31,PO10109,Supplier_1,4933.01,17,9,238,False,LATAM
2024-04-06,PO10110,Supplier_5,6671.17,23,12,59,True,NA
2024-12-27,PO10111,Supplier_9,3707.76,16,325,99,True,APAC
2023-09-09,PO10112,Supplier_12,5933.49,13,438,495,True,NA
2024-12-02,PO10113,Supplier_14,6267.54,15,244,514,True,NA
2023-10-23,PO10114,Supplier_2,5495.72,12,182,297,True,APAC
2024-12-25,PO10115,Supplier_17,4350.99,9,284,211,True,APAC
2024-12-20,PO10116,Supplier_14,5451.61,13,312,123,False,APAC
2025-01-18,PO10117,Supplier_13,6879.35,14,99,229,False,NA
2023-12-04,PO10118,Supplier_9,7097.96,11,197,388,True,NA
2025-05-28,PO10119,Supplier_15,9538.43,15,482,140,False,NA
2023-02-22,PO10120,Supplier_15,2524.93,15,366,391,True,APAC
2025-03-02,PO10121,Supplier_11,3899.98,12,226,270,True,EU
2025-07-10,PO10122,Supplier_16,966.33,13,333,12,False,APAC
2023-08-05,PO10123,Supplier_17,7327.52,18,103,389,True,NA
2025-02-02,PO10124,Supplier_4,4163.73,12,106,337,True,NA
2023-07-07,PO10125,Supplier_1,5515.48,14,365,506,True,NA
2024-01-15,PO10126,Supplier_8,3489.15,5,368,106,True,NA
2024-05-07,PO10127,Supplier_17,4183.24,21,58,32,True,NA
2023-02-10,PO10128,Supplier_3,8057.98,14,78,74,True,LATAM
2023-06-06,PO10129,Supplier_20,6735.58,15,75,171,False,LATAM
2023-01-15,PO10130,Supplier_15,4721.19,12,42,69,True,EU
2025-03-23,PO10131,Supplier_15,6919.53,10,422,362,True,EU
2023-03-06,PO10132,Supplier_14,6974.75,19,324,433,True,NA
2025-05-06,PO10133,Supplier_14,4021.44,10,181,100,True,LATAM
2025-04-18,PO10134,Supplier_2,1327.3,17,33,9,True,NA
2024-06-04,PO10135,Supplier_13,2752.1,13,71,29,True,MEA
2023-12-10,PO10136,Supplier_14,1648.68,15,56,114,False,EU
2023-05-09,PO10137,Supplier_19,7911.09,18,105,462,False,NA
2024-10-09,PO10138,Supplier_7,8345.29,11,200,143,True,MEA
2024-04-16,PO10139,Supplier_3,8965.93,13,101,390,False,NA
2023-03-04,PO10140,Supplier_15,200.0,17,256,157,True,EU
2023-05-19,PO10141,Supplier_14,7678.5,9,307,335,False,EU
2024-05-13,PO10142,Supplier_11,10530.48,13,74,260,True,NA
2024-08-15,PO10143,Supplier_15,7779.97,14,171,82,True,EU
2024-01-27,PO10144,Supplier_13,200.0,15,377,441,True,APAC
2024-11-05,PO10145,Supplier_18,9420.75,15,143,172,True,APAC
2024-02-23,PO10146,Supplier_6,5104.22,15,166,231,True,NA
2023-10-16,PO10147,Supplier_3,4419.0,16,399,75,False,MEA
2024-01-14,PO10148,Supplier_19,6127.74,10,261,270,True,NA
2025-02-11,PO10149,Supplier_15,2377.48,9,221,62,True,NA
2024-05-04,PO10150,Supplier_5,5006.96,19,83,320,True,NA
2023-08-19,PO10151,Supplier_10,9051.07,3,182,102,True,NA
2023-02-10,PO10152,Supplier_7,6555.99,9,307,429,True,NA
2023-01-28,PO10153,Supplier_17,5146.0,16,10,255,True,MEA
2023-05-15,PO10154,Supplier_7,5224.02,9,396,112,True,NA
2023-07-20,PO10155,Supplier_12,2046.52,16,4,313,True,NA
2025-04-19,PO10156,Supplier_17,4625.03,14,351,461,True,NA
2025-02-18,PO10157,Supplier_13,914.26,14,402,462,True,APAC
2025-07-18,PO10158,Supplier_20,7556.1,13,336,92,True,LATAM
2023-02-02,PO10159,Supplier_4,200.0,9,488,52,True,NA
2023-02-17,PO10160,Supplier_10,7137.25,15,292,98,True,NA
2024-05-17,PO10161,Supplier_3,7448.53,8,281,236,True,NA
2024-02-11,PO10162,Supplier_9,8296.91,14,215,374,True,NA
2024-07-27,PO10163,Supplier_13,5217.15,14,460,234,True,NA
2024-12-28,PO10164,Supplier_18,7291.57,13,98,32,True,EU
2025-03-15,PO10165,Supplier_15,4600.63,14,420,289,True,NA
2023-04-09,PO10166,Supplier_4,2033.26,22,101,114,True,EU
2024-11-14,PO10167,Supplier_15,8826.83,16,451,204,True,NA
2025-05-21,PO10168,Supplier_2,4757.79,12,9,29,False,MEA
2024-12-26,PO10169,Supplier_15,1476.22,14,61,474,False,MEA
2025-09-13,PO10170,Supplier_8,3832.96,12,309,253,True,EU
2024-06-30,PO10171,Supplier_8,3931.69,15,146,386,True,NA
2025-08-18,PO10172,Supplier_17,6154.24,10,427,62,True,NA
2025-01-08,PO10173,Supplier_12,10867.62,10,419,515,False,EU
2024-09-04,PO10174,Supplier_19,6306.05,21,63,430,False,APAC
2025-07-31,PO10175,Supplier_10,5517.11,19,121,141,True,EU
2024-04-06,PO10176,Supplier_9,11139.44,11,226,300,True,LATAM
2024-10-04,PO10177,Supplier_5,7447.23,8,105,311,True,MEA
2025-02-07,PO10178,Supplier_6,5635.62,16,462,471,True,NA
2023-01-05,PO10179,Supplier_20,3801.47,10,260,393,True,EU
2023-08-06,PO10180,Supplier_2,5790.5,17,349,445,True,NA
2024-05-17,PO10181,Supplier_13,4834.02,17,425,172,False,NA
2025-02-05,PO10182,Supplier_6,5228.59,20,255,31,True,EU
2024-02-02,PO10183,Supplier_5,8286.01,8,429,47,True,NA
2025-05-20,PO10184,Supplier_1,3649.19,10,434,130,False,LATAM
2025-03-05,PO10185,Supplier_6,6283.85,10,207,352,False,NA
2024-01-28,PO10186,Supplier_6,7372.35,7,28,58,True,EU
2023-07-26,PO10187,Supplier_16,3344.72,14,170,106,True,APAC
2023-01-15,PO10188,Supplier_4,2943.45,15,336,330,True,APAC
2025-05-07,PO10189,Supplier_11,4624.15,16,76,383,True,NA
2024-07-07,PO10190,Supplier_9,3845.93,15,116,162,False,LATAM
2025-06-10,PO10191,Supplier_3,7880.83,21,69,286,False,EU
2024-04-05,PO10192,Supplier_19,2495.58,13,354,71,True,EU
2024-11-21,PO10193,Supplier_8,5171.18,13,234,454,True,NA
2024-07-28,PO10194,Supplier_5,11365.12,15,1,397,True,EU
2025-05-13,PO10195,Supplier_4,6032.64,16,167,515,False,LATAM
2025-01-12,PO10196,Supplier_6,6448.23,15,352,26,True,APAC
2023-08-29,PO10197,Supplier_2,7901.71,16,218,313,True,LATAM
2024-07-17,PO10198,Supplier_20,3842.63,14,273,126,True,EU
2023-04-06,PO10199,Supplier_11,2296.45,9,368,408,True,NA
2025-06-18,PO10200,Supplier_4,5441.28,15,251,198,True,NA
2025-01-03,PO10201,Supplier_15,5663.51,21,347,188,True,NA
2024-04-29,PO10202,Supplier_6,954.47,17,344,484,False,APAC
2024-02-11,PO10203,Supplier_17,5937.68,12,419,450,False,APAC
2023-08-19,PO10204,Supplier_6,7674.63,15,174,354,True,NA
2025-01-18,PO10205,Supplier_19,2717.63,21,170,100,True,EU
2024-10-16,PO10206,Supplier_2,6088.89,21,246,278,True,EU
2023-06-20,PO10207,Supplier_15,7230.66,17,423,491,True,EU
2024-06-24,PO10208,Supplier_11,6466.7,17,90,255,True,NA
2023-02-05,PO10209,Supplier_8,6702.52,16,49,381,False,NA
2024-06-08,PO10210,Supplier_19,4388.0,17,446,264,True,NA
2023-06-09,PO10211,Supplier_13,2181.24,19,294,329,True,NA
2025-04-18,PO10212,Supplier_12,3882.13,18,407,115,False,NA
2024-11-29,PO10213,Supplier_5,3534.86,11,150,276,False,NA
2023-08-31,PO10214,Supplier_6,4799.35,16,132,488,True,APAC
2023-03-27,PO10215,Supplier_4,7733.18,10,433,281,True,NA
2025-03-06,PO10216,Supplier_19,1720.4,18,59,275,True,MEA
2024-07-31,PO10217,Supplier_20,5360.63,20,457,328,True,NA
2024-11-12,PO10218,Supplier_1,2341.5,12,324,211,True,NA
2024-07-10,PO10219,Supplier_20,3149.88,12,199,26,True,NA
2024-07-27,PO10220,Supplier_17,6396.85,10,215,27,False,NA
2025-08-10,PO10221,Supplier_12,2025.14,15,386,83,True,LATAM
2024-10-07,PO10222,Supplier_15,6835.61,12,49,413,True,NA
2025-03-06,PO10223,Supplier_1,1619.59,13,472,167,True,MEA
2023-01-28,PO10224,Supplier_14,6667.45,11,232,169,True,LATAM
2024-09-11,PO10225,Supplier_6,1126.17,13,247,229,False,EU
2024-07-09,PO10226,Supplier_5,3455.47,11,382,367,True,EU
2023-12-06,PO10227,Supplier_11,9741.24,13,479,72,True,APAC
2025-03-08,PO10228,Supplier_4,9271.37,18,239,106,True,NA
2025-08-15,PO10229,Supplier_13,3968.69,19,415,282,True,APAC
2023-11-27,PO10230,Supplier_11,5974.9,17,367,133,True,NA
2024-10-01,PO10231,Supplier_3,8010.17,19,168,269,True,NA
2024-05-20,PO10232,Supplier_1,6703.24,18,48,412,True,EU
2023-12-14,PO10233,Supplier_6,4316.34,14,51,18,True,EU
2024-04-17,PO10234,Supplier_18,3128.41,17,299,117,True,LATAM
2023-08-19,PO10235,Supplier_10,7170.26,14,98,144,False,NA
2023-07-09,PO10236,Supplier_5,7826.76,15,439,422,False,LATAM
2023-08-13,PO10237,Supplier_10,9289.25,15,216,369,True,NA
2024-01-20,PO10238,Supplier_12,781.88,14,177,50,True,NA
2024-01-12,PO10239,Supplier_2,1867.19,10,380,106,True,NA
2023-10-10,PO10240,Supplier_13,7904.81,16,474,216,True,EU
2025-08-15,PO10241,Supplier_8,1121.17,13,80,425,True,NA
2024-09-24,PO10242,Supplier_2,8096.37,9,185,72,False,EU
2024-09-19,PO10243,Supplier_20,4462.67,17,367,446,False,LATAM
2025-08-30,PO10244,Supplier_1,3697.72,18,461,186,True,EU
2025-01-14,PO10245,Supplier_5,5513.57,18,399,70,True,EU
2023-09-16,PO10246,Supplier_9,1636.58,21,27,150,False,LATAM
2023-12-25,PO10247,Supplier_17,7060.04,15,452,246,True,APAC
2024-12-10,PO10248,Supplier_9,9224.09,17,464,99,True,EU
2024-03-31,PO10249,Supplier_11,7176.44,17,448,278,True,NA
2024-02-15,PO10250,Supplier_15,4383.73,12,478,455,True,LATAM
2024-10-10,PO10251,Supplier_6,1154.91,11,492,104,True,EU
2023-11-14,PO10252,Supplier_3,1251.03,20,414,233,True,NA
2024-11-07,PO10253,Supplier_17,1675.89,18,420,394,True,NA
2023-08-13,PO10254,Supplier_5,4969.3,14,195,501,True,LATAM
2025-03-29,PO10255,Supplier_12,5283.5,19,214,251,True,NA
2023-08-22,PO10256,Supplier_18,7171.11,14,369,79,True,MEA
2024-11-14,PO10257,Supplier_14,509.93,13,342,52,True,NA
2024-10-25,PO10258,Supplier_11,8278.03,17,114,226,True,APAC
2025-09-01,PO10259,Supplier_9,6736.02,14,242,51,False,NA
2025-04-06,PO10260,Supplier_2,4182.91,14,124,186,True,EU
2024-01-09,PO10261,Supplier_12,2025.6,12,305,34,True,LATAM
2024-11-02,PO10262,Supplier_3,8122.85,12,76,131,False,EU
2024-08-30,PO10263,Supplier_3,4249.77,9,311,443,True,EU
2024-04-16,PO10264,Supplier_1,4949.95,15,469,432,True,NA
2023-08-21,PO10265,Supplier_8,5959.03,10,312,497,True,NA
2024-11-22,PO10266,Supplier_8,2717.0,10,196,403,True,NA
2023-04-23,PO10267,Supplier_11,4294.55,11,351,323,True,APAC
2025-04-09,PO10268,Supplier_9,7163.29,17,44,210,False,NA
2024-05-11,PO10269,Supplier_5,6910.24,16,415,329,True,NA
2024-03-17,PO10270,Supplier_14,6932.77,17,186,372,True,EU
2024-07-17,PO10271,Supplier_3,2112.05,12,343,460,False,APAC
2023-09-25,PO10272,Supplier_5,4408.55,15,246,133,True,APAC
2024-05-24,PO10273,Supplier_5,4009.02,22,437,121,True,NA
2025-03-17,PO10274,Supplier_19,6062.95,14,84,452,True,NA
2024-01-21,PO10275,Supplier_14,5839.14,17,207,129,True,MEA
2024-01-22,PO10276,Supplier_4,5388.57,17,151,91,True,NA
2023-04-23,PO10277,Supplier_13,11164.33,13,156,29,True,LATAM
2024-09-04,PO10278,Supplier_10,4272.98,11,16,333,True,LATAM
2024-09-16,PO10279,Supplier_18,3980.44,19,165,297,True,APAC
2025-08-09,PO10280,Supplier_8,2108.13,16,405,130,True,NA
2023-03-22,PO10281,Supplier_8,1155.38,14,463,293,True,LATAM
2024-11-29,PO10282,Supplier_7,1949.21,10,145,173,True,APAC
2023-04-23,PO10283,Supplier_8,3203.3,11,498,24,True,EU
2023-01-02,PO10284,Supplier_14,8275.18,14,37,99,True,NA
2024-10-03,PO10285,Supplier_19,5097.91,13,333,406,False,NA
2023-08-08,PO10286,Supplier_6,5483.33,16,403,356,True,NA
2024-07-19,PO10287,Supplier_1,4759.32,11,414,139,True,EU
2025-05-04,PO10288,Supplier_15,5913.25,10,45,503,True,EU
2025-09-23,PO10289,Supplier_1,8505.18,18,402,174,True,NA
2025-01-05,PO10290,Supplier_17,200.0,15,206,29,True,EU
2023-08-13,PO10291,Supplier_1,8045.84,12,62,496,True,NA
2024-01-20,PO10292,Supplier_15,200.0,21,420,351,False,APAC
2024-02-07,PO10293,Supplier_2,5070.51,12,356,299,True,MEA
2024-09-29,PO10294,Supplier_14,10479.77,8,468,192,True,NA
2023-05-10,PO10295,Supplier_8,6701.64,6,308,64,True,NA
2023-02-22,PO10296,Supplier_8,5932.65,13,19,215,True,NA
2024-11-14,PO10297,Supplier_19,10004.86,14,365,166,True,APAC
2024-12-30,PO10298,Supplier_7,3242.34,16,300,232,True,APAC
2024-11-02,PO10299,Supplier_19,6084.92,16,7,195,False,MEA
2024-12-10,PO10300,Supplier_6,6445.29,16,249,506,True,NA
2024-02-20,PO10301,Supplier_6,3693.99,13,428,334,True,MEA
2023-09-04,PO10302,Supplier_3,3914.72,11,117,304,True,NA
2025-04-15,PO10303,Supplier_7,3640.55,13,68,437,True,APAC
2024-03-14,PO10304,Supplier_19,5218.29,19,34,323,True,NA
2023-07-22,PO10305,Supplier_8,6366.73,17,194,502,True,LATAM
2023-07-03,PO10306,Supplier_10,5308.08,13,325,393,True,EU
2023-05-03,PO10307,Supplier_20,6773.65,13,55,149,True,APAC
2024-02-05,PO10308,Supplier_15,200.0,10,266,405,True,LATAM
2025-02-05,PO10309,Supplier_15,4454.37,15,480,283,True,NA
2023-10-21,PO10310,Supplier_1,2441.45,9,42,362,False,NA
2023-10-07,PO10311,Supplier_20,5754.31,13,297,379,True,LATAM
2025-04-16,PO10312,Supplier_7,5717.29,14,461,198,True,NA
2025-06-02,PO10313,Supplier_4,4710.94,17,231,356,False,NA
2024-09-01,PO10314,Supplier_6,6275.7,14,453,429,True,EU
2023-07-17,PO10315,Supplier_1,7494.53,14,378,17,True,EU
2025-09-08,PO10316,Supplier_5,4848.7,7,394,379,True,NA
2025-06-25,PO10317,Supplier_1,2370.76,18,10,506,False,NA
2024-05-25,PO10318,Supplier_4,1046.86,17,358,76,True,NA
2025-01-21,PO10319,Supplier_2,5090.28,9,475,231,True,EU
2023-05-24,PO10320,Supplier_10,5604.67,14,444,248,True,LATAM
2024-08-31,PO10321,Supplier_5,2576.19,13,128,302,True,MEA
2023-07-20,PO10322,Supplier_10,6814.42,18,179,215,True,APAC
2023-05-04,PO10323,Supplier_1,3852.61,13,405,158,True,NA
2023-07-06,PO10324,Supplier_6,858.92,14,392,69,True,MEA
2023-11-22,PO10325,Supplier_13,8141.09,13,193,393,True,EU
2024-04-08,PO10326,Supplier_15,7859.97,8,92,85,True,NA
2023-12-15,PO10327,Supplier_4,200.0,15,369,267,True,MEA
2025-02-09,PO10328,Supplier_13,3593.5,19,231,69,False,APAC
2024-10-21,PO10329,Supplier_20,3496.04,13,78,347,True,APAC
2025-02-02,PO10330,Supplier_15,9098.72,7,85,423,True,APAC
2025-08-12,PO10331,Supplier_8,4751.77,20,30,174,True,NA
2025-07-20,PO10332,Supplier_5,1260.3,12,213,115,True,NA
2024-02-07,PO10333,Supplier_15,7205.26,14,49,220,False,APAC
2023-12-12,PO10334,Supplier_4,1923.06,21,265,31,False,NA
2025-08-20,PO10335,Supplier_12,4349.15,13,145,343,False,EU
2024-05-25,PO10336,Supplier_13,3075.58,7,69,377,True,APAC
2023-05-27,PO10337,Supplier_2,3598.86,17,58,130,True,APAC
2023-05-28,PO10338,Supplier_19,7343.15,9,185,2,True,EU
2025-05-13,PO10339,Supplier_19,8803.33,15,62,101,True,APAC
2024-12-11,PO10340,Supplier_4,1814.08,13,479,58,True,LATAM
2025-03-30,PO10341,Supplier_4,6565.19,15,308,389,False,APAC
2024-05-03,PO10342,Supplier_11,3168.12,14,445,341,True,NA
2025-07-17,PO10343,Supplier_5,3245.82,14,296,20,True,NA
2025-07-24,PO10344,Supplier_20,6226.59,18,166,255,True,NA
2024-10-01,PO10345,Supplier_11,2430.24,19,171,317,False,NA
2024-07-04,PO10346,Supplier_10,6176.51,21,63,38,True,NA
2023-12-04,PO10347,Supplier_8,6825.28,26,147,386,True,NA
2025-05-21,PO10348,Supplier_6,3918.67,15,484,26,False,EU
2024-10-02,PO10349,Supplier_6,8317.7,18,306,454,True,MEA
2025-02-17,PO10350,Supplier_8,1817.94,10,161,323,True,NA
2025-09-14,PO10351,Supplier_15,8363.52,15,141,513,True,APAC
2025-08-10,PO10352,Supplier_14,200.0,22,334,13,True,APAC
2024-04-17,PO10353,Supplier_11,11749.29,16,97,371,False,NA
2025-08-03,PO10354,Supplier_12,3984.49,10,446,291,True,MEA
2023-05-31,PO10355,Supplier_13,2094.23,13,221,332,True,EU
2024-02-19,PO10356,Supplier_8,4418.32,20,43,261,True,NA
2025-09-16,PO10357,Supplier_18,2383.81,15,433,205,True,APAC
2023-10-25,PO10358,Supplier_1,5967.41,16,292,387,True,NA
2024-09-02,PO10359,Supplier_15,8419.14,17,378,468,True,APAC
2023-09-20,PO10360,Supplier_8,2516.36,15,108,415,True,NA
2025-02-02,PO10361,Supplier_11,6448.5,7,266,69,True,LATAM
2023-05-24,PO10362,Supplier_12,1168.16,20,95,472,True,EU
2023-12-12,PO10363,Supplier_12,7582.39,11,262,104,True,APAC
2024-09-15,PO10364,Supplier_4,6040.59,15,313,161,True,NA
2024-07-25,PO10365,Supplier_16,7690.46,13,385,200,True,APAC
2025-05-30,PO10366,Supplier_4,4694.13,19,71,216,False,APAC
2023-01-02,PO10367,Supplier_5,3912.11,10,442,212,True,EU
2025-06-15,PO10368,Supplier_5,7040.29,16,219,508,True,APAC
2023-10-31,PO10369,Supplier_8,1729.88,17,21,16,True,EU
2023-09-11,PO10370,Supplier_10,642.94,12,92,498,True,LATAM
2024-10-13,PO10371,Supplier_17,4987.6,13,127,332,True,EU
2024-03-28,PO10372,Supplier_9,4026.01,19,80,256,True,LATAM
2023-02-06,PO10373,Supplier_19,6384.58,15,312,172,False,LATAM
2023-06-09,PO10374,Supplier_14,7728.88,13,238,498,True,EU
2023-01-09,PO10375,Supplier_8,6332.54,14,471,471,True,NA
2023-08-21,PO10376,Supplier_9,7529.76,22,372,384,True,EU
2023-04-09,PO10377,Supplier_11,5802.63,13,404,507,True,LATAM
2024-10-20,PO10378,Supplier_1,6236.49,9,486,325,False,NA
2025-03-26,PO10379,Supplier_14,4708.36,9,182,214,True,EU
2023-07-27,PO10380,Supplier_5,6162.61,15,25,208,True,LATAM
2023-05-11,PO10381,Supplier_14,5416.63,12,156,169,True,NA
2024-02-08,PO10382,Supplier_4,5812.94,17,5,330,True,APAC
2023-06-01,PO10383,Supplier_1,4583.19,16,120,280,True,NA
2023-02-23,PO10384,Supplier_19,7022.32,9,277,305,True,NA
2023-04-30,PO10385,Supplier_8,3223.87,17,18,146,True,APAC
2024-11-03,PO10386,Supplier_15,4954.13,12,431,516,False,NA
2025-07-08,PO10387,Supplier_15,8279.46,13,198,90,True,NA
2024-09-19,PO10388,Supplier_9,2628.2,11,57,453,True,LATAM
2024-08-09,PO10389,Supplier_9,200.0,10,93,60,True,NA
2024-09-16,PO10390,Supplier_10,5916.14,16,19,311,True,MEA
2025-08-25,PO10391,Supplier_20,4357.61,5,384,227,True,MEA
2024-02-24,PO10392,Supplier_9,7527.16,15,353,474,True,NA
2024-02-26,PO10393,Supplier_3,4673.71,21,193,79,True,NA
2023-04-14,PO10394,Supplier_20,3489.15,14,237,433,True,APAC
2025-05-01,PO10395,Supplier_11,4810.46,16,387,153,False,EU
2023-09-11,PO10396,Supplier_6,7732.67,16,426,401,True,NA
2023-08-15,PO10397,Supplier_2,6438.42,9,277,279,True,APAC
2023-04-22,PO10398,Supplier_7,200.0,9,227,57,True,NA
2024-05-24,PO10399,Supplier_18,5464.42,13,233,186,True,LATAM
2024-04-17,PO10400,Supplier_2,5589.41,18,40,398,True,NA
2023-04-09,PO10401,Supplier_17,4954.38,17,323,158,False,NA
2023-06-02,PO10402,Supplier_11,3472.78,19,153,359,True,NA
2025-05-10,PO10403,Supplier_12,7986.33,17,127,440,False,MEA
2025-07-02,PO10404,Supplier_19,8110.08,10,237,466,True,APAC
2025-06-14,PO10405,Supplier_7,200.0,14,486,446,True,LATAM
2025-05-27,PO10406,Supplier_20,3005.1,20,493,488,True,NA
2023-12-04,PO10407,Supplier_6,4638.17,15,55,73,True,NA
2024-12-06,PO10408,Supplier_1,7371.27,12,468,17,True,NA
2025-04-01,PO10409,Supplier_17,5087.13,20,436,326,False,EU
2023-06-12,PO10410,Supplier_11,3291.02,17,172,202,False,EU
2024-12-20,PO10411,Supplier_18,6773.83,14,109,344,False,APAC
2025-08-14,PO10412,Supplier_17,4471.66,15,354,400,True,NA
2024-11-11,PO10413,Supplier_7,4706.5,15,469,218,True,MEA
2025-09-22,PO10414,Supplier_17,4932.1,6,184,445,True,NA
2023-06-10,PO10415,Supplier_20,6435.77,11,439,222,True,MEA
2024-08-02,PO10416,Supplier_9,4228.63,15,368,383,True,NA
2025-03-11,PO10417,Supplier_17,6717.37,12,471,7,True,EU
2024-02-02,PO10418,Supplier_20,4817.33,17,198,272,True,NA
2023-10-04,PO10419,Supplier_8,2332.46,16,371,16,True,EU
2025-03-26,PO10420,Supplier_17,4908.06,17,373,424,True,EU
2025-07-04,PO10421,Supplier_7,2461.97,13,461,21,True,EU
2024-05-18,PO10422,Supplier_1,5102.47,14,497,228,True,EU
2025-06-14,PO10423,Supplier_13,7073.68,17,87,288,True,APAC
2024-01-27,PO10424,Supplier_19,2315.93,16,201,134,True,APAC
2023-05-15,PO10425,Supplier_19,5910.68,16,337,283,True,LATAM
2023-07-14,PO10426,Supplier_17,2927.41,17,322,404,True,NA
2024-02-05,PO10427,Supplier_13,5504.25,15,275,66,True,APAC
2024-10-01,PO10428,Supplier_16,7150.51,17,211,437,True,EU
2023-02-02,PO10429,Supplier_8,200.0,12,391,259,True,NA
2024-11-18,PO10430,Supplier_19,2213.81,16,118,103,True,EU
2024-04-04,PO10431,Supplier_18,4077.55,10,191,101,True,NA
2025-08-12,PO10432,Supplier_1,5787.6,15,42,198,True,NA
2025-06-01,PO10433,Supplier_14,4584.04,10,42,226,True,NA
2024-04-14,PO10434,Supplier_19,4885.3,21,315,463,True,NA
2024-01-10,PO10435,Supplier_15,10107.46,12,276,237,True,APAC
2023-01-22,PO10436,Supplier_18,1968.86,13,329,26,True,APAC
2025-01-19,PO10437,Supplier_2,7838.71,11,17,121,True,MEA
2024-10-31,PO10438,Supplier_17,4125.05,11,283,506,True,APAC
2023-02-07,PO10439,Supplier_18,6373.69,12,431,182,True,NA
2023-08-18,PO10440,Supplier_6,10322.37,16,258,315,True,LATAM
2023-12-31,PO10441,Supplier_19,6721.7,16,63,273,True,LATAM
2024-07-16,PO10442,Supplier_4,5931.24,12,62,232,False,EU
2024-03-13,PO10443,Supplier_1,8997.81,15,100,420,True,EU
2025-02-14,PO10444,Supplier_8,7812.0,12,19,442,True,MEA
2023-10-10,PO10445,Supplier_7,3001.51,12,17,496,True,EU
2023-01-27,PO10446,Supplier_3,5736.31,16,325,24,True,MEA
2023-08-14,PO10447,Supplier_10,706.26,12,423,109,False,NA
2023-10-04,PO10448,Supplier_10,3649.62,18,466,502,True,NA
2025-03-08,PO10449,Supplier_19,5785.13,9,373,25,True,EU
2024-08-31,PO10450,Supplier_14,3494.74,18,246,187,False,EU
2023-10-11,PO10451,Supplier_2,5683.42,13,251,288,True,LATAM
2025-05-28,PO10452,Supplier_1,4966.54,10,455,338,True,MEA
2025-08-17,PO10453,Supplier_18,6341.04,16,81,37,False,NA
2024-04-25,PO10454,Supplier_7,3939.5,12,39,137,True,NA
2024-03-28,PO10455,Supplier_8,2649.63,20,36,508,True,LATAM
2025-04-08,PO10456,Supplier_1,8695.32,20,424,227,True,APAC
2025-03-26,PO10457,Supplier_3,3760.76,11,429,320,True,NA
2024-10-20,PO10458,Supplier_8,6650.03,12,388,182,True,EU
2024-05-30,PO10459,Supplier_15,8588.12,14,486,86,False,APAC
2024-06-30,PO10460,Supplier_5,5406.67,11,409,467,True,APAC
2023-07-11,PO10461,Supplier_3,2859.23,19,197,53,True,EU
2023-02-18,PO10462,Supplier_19,4553.48,17,158,235,False,NA
2024-05-26,PO10463,Supplier_1,7543.85,12,204,433,True,MEA
2023-01-17,PO10464,Supplier_15,5515.62,13,196,496,True,APAC
2023-06-21,PO10465,Supplier_8,1987.15,21,216,100,True,EU
2023-08-08,PO10466,Supplier_2,6491.61,10,285,403,False,NA
2023-06-07,PO10467,Supplier_3,6923.83,9,457,396,True,APAC
2024-04-21,PO10468,Supplier_14,4111.72,22,196,415,True,NA
2023-02-15,PO10469,Supplier_14,6525.61,17,307,463,True,NA
2024-01-08,PO10470,Supplier_11,5612.55,15,152,364,True,EU
2024-06-01,PO10471,Supplier_16,4506.43,12,14,130,False,NA
2023-04-09,PO10472,Supplier_4,1766.16,10,325,84,True,APAC
2025-06-10,PO10473,Supplier_20,7694.88,15,146,271,True,NA
2025-01-14,PO10474,Supplier_5,6898.03,19,426,244,False,APAC
2023-02-06,PO10475,Supplier_14,6459.72,16,57,388,True,NA
2023-10-07,PO10476,Supplier_16,8861.32,8,211,214,True,NA
2023-12-15,PO10477,Supplier_18,7362.98,17,268,166,True,NA
2024-05-11,PO10478,Supplier_7,6716.42,7,210,59,True,MEA
2023-10-29,PO10479,Supplier_10,200.0,8,17,504,True,LATAM
2023-06-30,PO10480,Supplier_7,7992.24,11,286,123,False,NA
2024-08-29,PO10481,Supplier_1,5207.7,17,344,413,True,APAC
2023-04-09,PO10482,Supplier_19,5781.23,15,203,139,True,APAC
2024-11-30,PO10483,Supplier_16,5798.33,11,99,229,True,MEA
2025-09-19,PO10484,Supplier_19,6934.58,17,279,274,True,NA
2023-04-26,PO10485,Supplier_4,7805.44,15,209,439,True,APAC
2023-07-10,PO10486,Supplier_18,6585.6,13,129,118,True,NA
2023-09-10,PO10487,Supplier_2,6188.21,11,335,483,False,NA
2025-09-07,PO10488,Supplier_1,5578.78,9,288,395,True,MEA
2025-07-16,PO10489,Supplier_15,200.0,14,252,460,True,EU
2025-09-09,PO10490,Supplier_5,4281.02,9,265,78,True,NA
2023-06-10,PO10491,Supplier_20,2646.03,18,271,412,False,NA
2023-09-13,PO10492,Supplier_11,8026.85,6,412,75,True,APAC
2023-11-19,PO10493,Supplier_10,6547.59,12,408,295,True,APAC
2023-05-08,PO10494,Supplier_2,3854.66,15,188,21,True,NA
2023-01-18,PO10495,Supplier_3,4105.71,9,419,171,False,MEA
2025-03-03,PO10496,Supplier_12,4015.05,11,214,15,True,NA
2025-01-04,PO10497,Supplier_20,3970.43,7,283,211,True,NA
2024-07-19,PO10498,Supplier_5,1388.61,12,211,86,True,MEA
2024-07-23,PO10499,Supplier_5,846.8,16,365,149,True,NA
2023-11-19,PO10500,Supplier_6,5072.62,12,76,372,True,NA
2025-05-21,PO10501,Supplier_9,7688.29,18,148,480,True,EU
2024-11-16,PO10502,Supplier_2,3655.78,11,321,151,True,LATAM
2025-03-02,PO10503,Supplier_12,5758.61,17,213,141,False,NA
2024-09-17,PO10504,Supplier_3,6835.65,16,433,69,False,MEA
2023-10-15,PO10505,Supplier_20,2516.55,11,109,260,True,APAC
2025-07-31,PO10506,Supplier_12,4950.06,21,129,371,False,NA
2025-05-03,PO10507,Supplier_17,3333.7,12,10,419,True,APAC
2024-10-24,PO10508,Supplier_10,9015.3,13,47,101,True,NA
2025-08-19,PO10509,Supplier_14,8906.15,14,379,243,True,EU
2024-09-30,PO10510,Supplier_17,2519.14,11,315,512,True,APAC
2023-06-04,PO10511,Supplier_18,5964.71,11,96,95,True,MEA
2024-05-04,PO10512,Supplier_19,7669.0,9,446,226,True,NA
2024-01-21,PO10513,Supplier_17,7120.82,14,103,518,True,EU
2025-09-12,PO10514,Supplier_14,5203.91,8,380,214,True,EU
2025-02-23,PO10515,Supplier_9,8266.39,25,342,67,True,NA
2023-04-14,PO10516,Supplier_8,2738.71,12,146,396,True,NA
2025-07-17,PO10517,Supplier_2,4242.27,6,368,12,False,NA
2024-01-28,PO10518,Supplier_13,2805.89,13,430,237,True,APAC
2025-03-21,PO10519,Supplier_7,6956.23,11,416,399,True,EU
2023-09-03,PO10520,Supplier_9,3543.41,12,27,407,True,NA
2023-06-25,PO10521,Supplier_11,4571.88,17,220,480,True,LATAM
2023-02-08,PO10522,Supplier_14,6544.18,13,18,222,False,LATAM
2024-04-21,PO10523,Supplier_4,6745.62,16,167,156,True,EU
2024-11-12,PO10524,Supplier_13,2732.18,22,433,428,True,NA
2025-01-28,PO10525,Supplier_2,7641.64,14,477,158,True,APAC
2024-06-21,PO10526,Supplier_5,6139.22,11,82,416,True,NA
2025-05-16,PO10527,Supplier_11,2295.74,15,428,326,False,NA
2025-03-28,PO10528,Supplier_6,1680.71,16,72,371,True,APAC
2025-07-09,PO10529,Supplier_18,4960.45,12,310,344,True,NA
2024-02-12,PO10530,Supplier_10,7125.23,18,479,262,True,NA
2024-06-08,PO10531,Supplier_4,7189.29,9,254,283,True,NA
2025-04-07,PO10532,Supplier_9,5890.42,15,162,229,True,NA
2024-05-20,PO10533,Supplier_6,5121.69,10,327,280,True,NA
2025-06-21,PO10534,Supplier_2,6279.34,13,420,290,True,MEA
2025-04-04,PO10535,Supplier_17,2861.67,10,402,47,True,NA
2023-02-05,PO10536,Supplier_5,9217.47,19,38,214,False,NA
2024-11-15,PO10537,Supplier_6,9184.85,14,443,24,True,NA
2023-01-20,PO10538,Supplier_12,6072.03,17,393,321,True,MEA
2023-11-17,PO10539,Supplier_10,5493.25,15,201,274,True,EU
2025-02-14,PO10540,Supplier_6,3971.45,16,494,313,True,NA
2024-05-26,PO10541,Supplier_8,6321.87,18,200,363,True,LATAM
2024-02-04,PO10542,Supplier_2,3271.71,10,255,380,True,NA
2024-10-15,PO10543,Supplier_12,200.0,7,179,470,True,NA
2025-08-29,PO10544,Supplier_13,200.0,12,35,116,True,NA
2025-06-01,PO10545,Supplier_7,3001.25,11,82,42,True,NA
2024-04-15,PO10546,Supplier_10,5390.95,10,389,379,True,NA
2023-05-23,PO10547,Supplier_13,5829.93,17,398,206,True,APAC
2023-04-02,PO10548,Supplier_17,3783.11,11,220,466,True,NA
2023-12-20,PO10549,Supplier_14,5354.59,12,158,280,False,EU
2025-04-13,PO10550,Supplier_2,4314.43,14,4,118,False,NA
2025-03-10,PO10551,Supplier_11,2501.72,17,167,237,True,NA
2024-12-27,PO10552,Supplier_1,4865.64,14,468,309,True,EU
2025-08-16,PO10553,Supplier_19,7032.39,8,448,456,True,MEA
2025-05-03,PO10554,Supplier_4,2614.85,10,409,475,True,NA
2023-02-20,PO10555,Supplier_19,2615.99,12,412,100,False,APAC
2024-10-26,PO10556,Supplier_11,2326.87,8,204,261,True,NA
2024-11-28,PO10557,Supplier_8,200.0,10,194,305,True,NA
2024-07-28,PO10558,Supplier_11,3799.49,15,235,354,True,NA
2023-07-09,PO10559,Supplier_4,6785.22,11,206,286,True,NA
2023-05-05,PO10560,Supplier_17,5434.79,17,150,328,True,NA
2023-05-30,PO10561,Supplier_7,4576.87,14,159,103,True,NA
2023-11-10,PO10562,Supplier_8,5322.66,15,279,63,True,APAC
2024-07-23,PO10563,Supplier_3,3777.55,10,304,282,True,NA
2023-12-08,PO10564,Supplier_2,200.0,20,404,441,True,EU
2023-11-01,PO10565,Supplier_15,6959.3,17,381,293,True,NA
2024-11-22,PO10566,Supplier_5,7677.81,13,166,7,True,EU
2024-11-12,PO10567,Supplier_1,3179.61,10,311,92,True,EU
2025-04-17,PO10568,Supplier_4,4622.91,15,68,190,True,NA
2025-02-21,PO10569,Supplier_15,4407.5,18,463,476,False,NA
2023-02-23,PO10570,Supplier_20,5878.22,12,88,511,False,APAC
2024-03-19,PO10571,Supplier_19,9224.73,9,217,462,False,LATAM
2024-09-04,PO10572,Supplier_3,7899.48,18,1,53,True,NA
2025-09-19,PO10573,Supplier_20,4057.71,14,135,486,True,NA
2023-09-21,PO10574,Supplier_11,6356.16,14,185,490,True,LATAM
2023-02-22,PO10575,Supplier_17,8135.89,14,351,364,False,NA
2024-07-25,PO10576,Supplier_13,6020.86,10,140,112,False,EU
2024-09-11,PO10577,Supplier_11,4988.25,17,106,409,False,NA
2023-01-05,PO10578,Supplier_2,6115.0,17,133,7,True,NA
2023-04-13,PO10579,Supplier_9,3241.82,13,108,197,False,EU
2023-07-15,PO10580,Supplier_2,3606.8,16,178,367,True,EU
2025-02-12,PO10581,Supplier_9,2339.91,16,298,250,True,NA
2025-05-26,PO10582,Supplier_9,5767.66,13,358,240,True,EU
2025-09-18,PO10583,Supplier_8,4671.49,9,380,380,True,APAC
2025-06-02,PO10584,Supplier_17,2942.2,15,396,471,True,EU
2023-12-16,PO10585,Supplier_1,4589.55,11,359,455,True,NA
2023-02-16,PO10586,Supplier_11,6175.0,14,146,366,True,EU
2025-05-16,PO10587,Supplier_8,9786.78,16,450,290,True,APAC
2025-04-02,PO10588,Supplier_10,7530.17,18,74,403,False,APAC
2025-07-24,PO10589,Supplier_7,200.0,14,463,58,True,APAC
2025-03-30,PO10590,Supplier_3,5598.27,11,478,304,True,NA
2024-10-17,PO10591,Supplier_3,8573.31,24,108,115,True,APAC
2023-09-26,PO10592,Supplier_18,1655.32,13,122,210,False,APAC
2024-01-05,PO10593,Supplier_5,6378.9,22,17,41,True,NA
2024-09-27,PO10594,Supplier_12,4408.39,16,196,173,True,EU
2023-04-16,PO10595,Supplier_12,7875.73,11,327,234,True,NA
2024-10-31,PO10596,Supplier_19,6010.64,10,318,403,True,APAC
2024-10-20,PO10597,Supplier_6,2789.96,16,297,39,True,NA
2024-10-18,PO10598,Supplier_2,4497.87,15,479,119,False,EU
2023-04-30,PO10599,Supplier_12,4645.76,9,499,335,True,MEA
2025-04-10,PO10600,Supplier_19,4692.05,15,252,336,True,APAC
2025-02-25,PO10601,Supplier_5,7798.16,18,487,74,False,MEA
2024-08-26,PO10602,Supplier_12,2893.45,17,119,191,False,MEA
2023-02-27,PO10603,Supplier_17,7507.63,17,162,324,True,NA
2025-08-08,PO10604,Supplier_17,4244.38,15,198,147,False,APAC
2023-12-12,PO10605,Supplier_10,5558.78,13,498,284,True,EU
2025-01-10,PO10606,Supplier_17,5180.94,15,486,213,True,LATAM
2024-04-18,PO10607,Supplier_15,4945.49,14,45,394,True,NA
2023-04-27,PO10608,Supplier_12,4965.99,9,314,339,True,MEA
2025-04-09,PO10609,Supplier_16,8643.4,19,179,22,True,APAC
2025-03-01,PO10610,Supplier_19,7106.12,12,382,105,True,APAC
2023-05-07,PO10611,Supplier_8,4093.21,15,418,466,True,NA
2024-01-28,PO10612,Supplier_17,8956.97,11,44,459,True,NA
2025-06-26,PO10613,Supplier_5,5686.7,8,271,432,True,APAC
2024-10-02,PO10614,Supplier_16,5894.06,12,78,221,True,NA
2023-02-27,PO10615,Supplier_6,2906.7,13,326,379,True,LATAM
2024-09-25,PO10616,Supplier_8,3756.25,18,178,222,True,NA
2024-05-27,PO10617,Supplier_18,3278.74,9,357,258,True,APAC
2025-01-20,PO10618,Supplier_12,5215.18,21,498,367,True,NA
2025-03-12,PO10619,Supplier_15,6596.96,14,416,349,True,APAC
2023-04-06,PO10620,Supplier_9,5918.08,11,451,225,True,APAC
2024-09-29,PO10621,Supplier_13,8970.11,19,3,236,True,NA
2023-04-28,PO10622,Supplier_15,2780.6,12,214,183,False,NA
2024-07-13,PO10623,Supplier_10,5287.17,9,342,444,True,NA
2024-08-23,PO10624,Supplier_16,1792.65,15,74,6,True,EU
2024-05-02,PO10625,Supplier_7,2695.32,13,51,236,True,EU
2023-08-25,PO10626,Supplier_17,8161.45,13,67,127,False,APAC
2025-06-03,PO10627,Supplier_7,3842.09,9,332,104,True,EU
2025-06-15,PO10628,Supplier_14,2991.59,13,93,480,True,EU
2023-09-29,PO10629,Supplier_15,200.0,14,176,155,True,NA
2023-07-08,PO10630,Supplier_7,2966.61,14,145,257,True,NA
2025-09-25,PO10631,Supplier_9,4486.8,14,7,235,True,NA
2024-12-04,PO10632,Supplier_19,1606.49,15,269,500,True,MEA
2024-03-22,PO10633,Supplier_16,4343.04,12,376,289,True,LATAM
2024-08-03,PO10634,Supplier_8,8176.58,16,322,510,True,NA
2025-02-28,PO10635,Supplier_18,3231.74,15,4,298,True,EU
2025-05-10,PO10636,Supplier_18,2641.54,18,138,137,True,LATAM
2023-09-04,PO10637,Supplier_20,2190.25,17,231,376,True,EU
2025-08-20,PO10638,Supplier_7,2145.59,17,88,87,True,NA
2023-03-17,PO10639,Supplier_3,6338.94,14,17,419,False,NA
2023-06-03,PO10640,Supplier_18,5121.67,11,52,199,False,EU
2024-10-17,PO10641,Supplier_10,7392.14,15,134,463,True,MEA
2024-03-10,PO10642,Supplier_7,10049.59,11,211,437,True,APAC
2025-09-23,PO10643,Supplier_17,424.02,11,325,310,True,NA
2023-03-27,PO10644,Supplier_14,5950.2,7,480,281,True,NA
2024-11-27,PO10645,Supplier_3,2203.45,12,458,323,True,APAC
2023-10-12,PO10646,Supplier_12,6972.25,14,393,152,False,LATAM
2025-08-31,PO10647,Supplier_13,4320.22,13,219,302,True,APAC
2023-08-08,PO10648,Supplier_2,5068.31,16,205,278,True,APAC
2023-03-10,PO10649,Supplier_3,1792.06,17,211,8,True,NA
2023-02-16,PO10650,Supplier_5,3933.93,22,277,235,True,LATAM
2023-04-04,PO10651,Supplier_11,5224.16,16,24,302,True,APAC
2025-01-19,PO10652,Supplier_8,8390.2,12,486,38,True,NA
2025-08-15,PO10653,Supplier_12,3013.6,17,4,136,True,APAC
2024-03-28,PO10654,Supplier_7,3623.27,15,152,421,False,NA
2023-07-23,PO10655,Supplier_15,7360.72,18,443,219,True,NA
2025-06-30,PO10656,Supplier_17,2851.65,7,483,348,False,NA
2023-08-06,PO10657,Supplier_4,7855.96,7,259,79,False,NA
2024-04-18,PO10658,Supplier_13,4977.28,8,324,273,True,NA
2024-03-07,PO10659,Supplier_18,5757.81,21,357,161,True,EU
2023-12-07,PO10660,Supplier_1,5918.81,15,168,308,True,EU
2024-07-04,PO10661,Supplier_16,3459.45,13,176,374,False,EU
2024-09-03,PO10662,Supplier_13,5974.72,13,310,9,True,NA
2023-10-16,PO10663,Supplier_10,3069.08,9,291,444,True,NA
2023-09-11,PO10664,Supplier_12,3744.74,10,479,113,True,APAC
2025-01-03,PO10665,Supplier_2,6396.73,14,56,205,True,NA
2023-12-23,PO10666,Supplier_3,5733.48,19,108,405,False,NA
2023-01-23,PO10667,Supplier_10,4812.59,10,473,197,True,LATAM
2025-01-31,PO10668,Supplier_2,1853.17,16,296,115,True,APAC
2024-06-05,PO10669,Supplier_13,2477.1,8,461,121,True,LATAM
2025-01-27,PO10670,Supplier_13,5691.77,11,324,65,False,EU
2025-04-16,PO10671,Supplier_18,6830.35,14,302,276,True,NA
2023-04-10,PO10672,Supplier_3,2225.89,15,334,239,True,APAC
2025-03-12,PO10673,Supplier_7,2900.44,10,141,302,True,NA
2023-06-29,PO10674,Supplier_14,5335.46,15,155,392,True,EU
2023-08-11,PO10675,Supplier_20,5281.97,12,262,369,True,NA
2025-06-24,PO10676,Supplier_17,940.11,14,273,233,True,LATAM
2025-01-31,PO10677,Supplier_12,5403.91,14,420,195,True,NA
2024-10-20,PO10678,Supplier_16,3504.08,10,232,12,True,MEA
2024-03-17,PO10679,Supplier_12,9102.62,12,241,177,True,LATAM
2024-08-30,PO10680,Supplier_15,5623.0,10,355,217,True,EU
2025-02-07,PO10681,Supplier_10,6053.68,12,337,11,True,APAC
2023-11-21,PO10682,Supplier_7,6118.4,15,489,446,False,APAC
2024-05-30,PO10683,Supplier_20,1965.18,14,258,164,False,LATAM
2023-01-16,PO10684,Supplier_5,9859.69,20,249,53,True,EU
2025-03-02,PO10685,Supplier_1,942.72,17,77,218,True,APAC
2023-12-02,PO10686,Supplier_17,6989.26,12,180,360,True,EU
2025-01-28,PO10687,Supplier_3,6546.66,15,66,385,True,MEA
2023-09-15,PO10688,Supplier_13,3807.49,15,308,56,True,EU
2024-05-11,PO10689,Supplier_14,6666.13,9,348,118,True,EU
2025-09-14,PO10690,Supplier_18,4206.07,10,171,253,True,APAC
2025-06-14,PO10691,Supplier_4,3311.35,18,474,180,False,LATAM
2023-06-09,PO10692,Supplier_18,6173.9,13,22,415,True,EU
2024-04-19,PO10693,Supplier_5,2483.6,11,367,235,True,NA
2025-05-01,PO10694,Supplier_16,4439.36,7,107,80,True,EU
2024-10-25,PO10695,Supplier_1,3514.56,21,439,22,True,MEA
2025-06-26,PO10696,Supplier_14,4160.05,13,323,477,True,APAC
2024-11-20,PO10697,Supplier_15,6081.82,11,227,440,True,LATAM
2024-11-05,PO10698,Supplier_9,3514.08,10,444,93,True,NA
2024-01-15,PO10699,Supplier_15,4519.19,11,442,192,True,EU
2024-06-28,PO10700,Supplier_17,3742.14,14,396,103,False,APAC
2025-07-17,PO10701,Supplier_4,8609.99,15,216,396,True,LATAM
2025-08-14,PO10702,Supplier_12,5856.53,11,69,7,True,NA
2024-11-21,PO10703,Supplier_5,5550.17,13,84,231,True,LATAM
2024-03-02,PO10704,Supplier_5,6708.55,22,103,240,True,EU
2024-09-04,PO10705,Supplier_11,3514.66,11,39,90,True,NA
2023-09-25,PO10706,Supplier_6,7148.14,14,13,232,True,NA
2025-04-14,PO10707,Supplier_7,5865.44,10,297,457,False,NA
2024-07-30,PO10708,Supplier_14,1097.77,9,313,233,False,EU
2024-02-21,PO10709,Supplier_11,1429.92,20,181,354,True,NA
2023-06-17,PO10710,Supplier_13,3569.26,13,493,333,False,NA
2025-04-21,PO10711,Supplier_2,1697.48,15,268,439,True,LATAM
2023-02-12,PO10712,Supplier_7,4404.3,13,13,375,True,NA
2024-07-09,PO10713,Supplier_20,2465.66,17,120,292,True,NA
2023-10-12,PO10714,Supplier_4,4755.69,10,458,345,False,EU
2024-02-01,PO10715,Supplier_8,8529.27,16,353,428,True,EU
2023-01-12,PO10716,Supplier_20,4876.56,8,57,130,True,APAC
2024-08-29,PO10717,Supplier_19,4242.59,16,40,141,True,EU
2023-10-29,PO10718,Supplier_13,5970.61,6,374,415,True,APAC
2025-06-16,PO10719,Supplier_14,3258.95,17,336,93,True,APAC
2023-09-10,PO10720,Supplier_10,7108.54,16,128,284,False,NA
2024-05-13,PO10721,Supplier_11,6238.03,9,173,223,True,NA
2025-01-23,PO10722,Supplier_2,5097.16,10,35,463,True,EU
2023-02-04,PO10723,Supplier_9,5385.79,15,259,276,True,NA
2024-12-27,PO10724,Supplier_17,10104.36,15,376,140,True,APAC
2025-04-28,PO10725,Supplier_3,7355.78,12,5,357,True,EU
2023-03-31,PO10726,Supplier_6,10498.82,13,218,23,True,NA
2025-02-14,PO10727,Supplier_5,6330.08,12,11,270,True,NA
2024-08-27,PO10728,Supplier_5,1320.77,14,382,333,True,NA
2025-07-10,PO10729,Supplier_15,4344.57,17,327,85,True,EU
2025-08-27,PO10730,Supplier_17,749.49,18,117,31,True,EU
2024-08-24,PO10731,Supplier_9,6320.76,17,184,240,True,EU
2024-02-22,PO10732,Supplier_3,6863.51,14,394,363,True,NA
2023-04-25,PO10733,Supplier_20,2785.21,19,362,389,False,APAC
2024-09-08,PO10734,Supplier_17,3360.91,13,116,299,True,LATAM
2025-06-21,PO10735,Supplier_10,5371.88,15,162,371,True,NA
2023-07-15,PO10736,Supplier_3,2004.74,15,67,99,True,EU
2025-04-05,PO10737,Supplier_18,1817.1,9,200,47,True,MEA
2024-05-15,PO10738,Supplier_18,8096.58,12,31,422,False,NA
2024-09-17,PO10739,Supplier_17,5286.78,17,75,480,True,EU
2024-05-07,PO10740,Supplier_3,3604.73,12,237,62,True,NA
2023-03-16,PO10741,Supplier_3,769.7,16,327,109,True,APAC
2024-02-17,PO10742,Supplier_6,7130.88,12,493,119,True,NA
2024-01-11,PO10743,Supplier_13,3288.7,11,66,382,True,MEA
2024-02-24,PO10744,Supplier_15,9651.71,12,70,392,True,APAC
2024-12-29,PO10745,Supplier_9,7148.28,13,297,52,True,APAC
2023-10-04,PO10746,Supplier_4,2979.65,14,447,289,True,APAC
2025-01-30,PO10747,Supplier_14,3211.32,13,416,337,True,EU
2024-11-06,PO10748,Supplier_5,9304.63,20,20,204,False,EU
2024-01-29,PO10749,Supplier_2,4789.35,16,441,238,True,LATAM
2025-05-18,PO10750,Supplier_11,3716.72,12,226,382,True,MEA
2024-04-01,PO10751,Supplier_9,5069.3,20,434,136,True,EU
2025-07-08,PO10752,Supplier_3,3705.22,8,464,407,True,MEA
2023-07-11,PO10753,Supplier_9,5602.62,8,409,508,True,EU
2025-01-08,PO10754,Supplier_3,4810.44,15,396,362,True,EU
2024-11-19,PO10755,Supplier_2,7188.77,12,199,381,True,EU
2023-04-09,PO10756,Supplier_12,4028.56,11,39,254,True,NA
2024-07-01,PO10757,Supplier_10,2787.96,11,145,477,True,NA
2025-09-04,PO10758,Supplier_9,4127.54,9,45,114,False,NA
2025-09-25,PO10759,Supplier_15,4112.29,12,395,20,True,EU
2023-04-06,PO10760,Supplier_8,4806.17,18,326,145,True,NA
2024-10-25,PO10761,Supplier_5,6586.35,12,381,208,True,EU
2024-10-24,PO10762,Supplier_11,6449.77,12,407,376,True,MEA
2023-07-09,PO10763,Supplier_2,7999.15,10,91,504,True,NA
2025-01-05,PO10764,Supplier_15,2971.28,13,238,166,False,EU
2023-02-06,PO10765,Supplier_6,5971.8,15,70,181,True,NA
2025-02-18,PO10766,Supplier_8,6818.3,10,166,444,True,NA
2024-01-04,PO10767,Supplier_5,3314.45,17,130,332,True,APAC
2024-11-25,PO10768,Supplier_16,4480.92,15,214,503,True,EU
2024-06-08,PO10769,Supplier_18,625.06,12,340,79,True,APAC
2023-10-06,PO10770,Supplier_6,7267.14,13,89,396,True,NA
2023-08-05,PO10771,Supplier_5,4461.25,12,335,103,True,EU
2025-05-16,PO10772,Supplier_16,7016.41,11,252,402,True,NA
2025-05-22,PO10773,Supplier_13,5515.12,15,369,224,True,NA
2025-03-08,PO10774,Supplier_5,4537.09,16,349,518,True,NA
2023-09-30,PO10775,Supplier_13,1017.99,19,72,236,True,NA
2025-05-30,PO10776,Supplier_17,1462.62,10,165,427,True,NA
2023-03-03,PO10777,Supplier_18,200.0,16,49,116,True,NA
2024-08-18,PO10778,Supplier_8,3593.47,6,52,163,True,MEA
2025-05-29,PO10779,Supplier_13,10695.62,13,289,226,True,NA
2024-12-29,PO10780,Supplier_19,1780.13,20,278,230,True,NA
2023-12-08,PO10781,Supplier_3,200.0,14,114,182,True,NA
2024-02-01,PO10782,Supplier_8,7406.67,21,239,249,True,EU
2024-11-29,PO10783,Supplier_2,10909.29,18,133,318,True,NA
2023-01-19,PO10784,Supplier_8,5744.8,13,487,210,True,LATAM
2023-06-26,PO10785,Supplier_13,5721.83,19,274,392,True,MEA
2024-09-03,PO10786,Supplier_13,4225.29,9,166,96,False,NA
2024-01-31,PO10787,Supplier_1,514.36,6,374,86,True,EU
2024-03-20,PO10788,Supplier_6,1373.22,24,373,415,True,NA
2023-08-21,PO10789,Supplier_19,4208.12,15,293,394,True,APAC
2025-07-03,PO10790,Supplier_16,3728.86,12,478,501,True,EU
2023-03-17,PO10791,Supplier_8,4712.07,10,243,133,True,NA
2023-09-22,PO10792,Supplier_1,7073.31,15,479,314,True,NA
2024-03-30,PO10793,Supplier_16,3545.41,20,320,221,True,APAC
2025-03-06,PO10794,Supplier_9,7124.29,12,138,438,True,EU
2024-12-18,PO10795,Supplier_13,3561.78,9,79,46,True,NA
2025-01-04,PO10796,Supplier_11,7595.6,16,170,192,True,APAC
2024-01-19,PO10797,Supplier_13,5215.92,11,123,379,True,EU
2024-07-17,PO10798,Supplier_10,3910.42,8,176,334,True,LATAM
2025-04-30,PO10799,Supplier_4,5173.24,14,300,39,True,NA
2024-05-20,PO10800,Supplier_6,4266.15,17,82,293,True,APAC
2024-01-02,PO10801,Supplier_7,5282.84,20,87,162,True,APAC
2023-05-24,PO10802,Supplier_5,6895.27,19,225,331,True,NA
2025-06-03,PO10803,Supplier_11,4781.96,11,16,104,True,APAC
2023-03-10,PO10804,Supplier_13,4076.08,12,310,161,True,EU
2023-04-09,PO10805,Supplier_19,2191.21,10,358,54,False,MEA
2024-01-31,PO10806,Supplier_10,6447.95,13,163,34,False,NA
2023-01-25,PO10807,Supplier_10,5870.68,16,98,242,True,APAC
2025-08-05,PO10808,Supplier_11,2045.14,11,156,113,True,NA
2025-06-09,PO10809,Supplier_7,7088.74,15,2,318,True,MEA
2024-04-13,PO10810,Supplier_18,2004.54,16,350,23,True,NA
2024-04-28,PO10811,Supplier_4,7573.05,16,397,118,True,MEA
2024-07-18,PO10812,Supplier_2,6719.66,10,169,212,True,MEA
2023-05-31,PO10813,Supplier_14,6049.16,16,464,418,False,NA
2023-05-24,PO10814,Supplier_13,4057.51,13,315,113,True,LATAM
2024-07-22,PO10815,Supplier_12,6439.45,12,325,44,True,MEA
2023-02-08,PO10816,Supplier_7,7690.93,13,375,128,True,NA
2023-04-19,PO10817,Supplier_2,6480.88,9,92,158,False,EU
2024-11-23,PO10818,Supplier_13,3324.37,9,181,394,True,EU
2023-02-11,PO10819,Supplier_14,5668.52,12,231,512,True,NA
2023-07-05,PO10820,Supplier_17,7830.09,7,301,45,True,NA
2025-07-23,PO10821,Supplier_9,10497.75,19,148,108,True,NA
2024-02-02,PO10822,Supplier_17,4486.97,16,280,219,True,NA
2023-08-11,PO10823,Supplier_8,7144.71,19,189,443,False,EU
2024-09-25,PO10824,Supplier_2,7836.2,11,347,315,True,NA
2023-05-13,PO10825,Supplier_13,2968.99,11,350,177,True,LATAM
2023-06-12,PO10826,Supplier_3,9455.2,10,314,228,True,APAC
2023-08-03,PO10827,Supplier_16,2337.04,14,493,267,True,NA
2025-01-02,PO10828,Supplier_6,7022.46,9,411,379,True,APAC
2023-08-23,PO10829,Supplier_19,5763.3,7,410,489,False,APAC
2025-04-22,PO10830,Supplier_7,5138.94,14,128,290,True,MEA
2024-10-19,PO10831,Supplier_10,11367.08,19,7,357,True,NA
2025-01-20,PO10832,Supplier_9,4246.86,14,426,204,True,NA
2024-08-10,PO10833,Supplier_2,4206.64,9,47,213,True,MEA
2023-01-09,PO10834,Supplier_15,8328.7,16,53,323,True,MEA
2023-03-15,PO10835,Supplier_5,6904.51,12,187,181,True,APAC
2025-08-11,PO10836,Supplier_4,8205.25,11,38,499,True,APAC
2024-05-06,PO10837,Supplier_20,5292.17,13,453,320,True,NA
2025-07-01,PO10838,Supplier_4,5792.36,14,471,83,False,EU
2023-09-10,PO10839,Supplier_18,9752.34,8,476,303,True,NA
2023-08-18,PO10840,Supplier_4,2910.11,14,226,262,True,NA
2024-06-02,PO10841,Supplier_17,4742.81,17,53,200,True,LATAM
2023-06-23,PO10842,Supplier_12,6995.64,16,399,240,True,NA
2024-10-14,PO10843,Supplier_17,4510.35,11,224,295,True,EU
2023-06-17,PO10844,Supplier_10,3574.64,17,154,512,True,MEA
2023-06-19,PO10845,Supplier_1,6546.21,11,48,396,False,NA
2024-01-28,PO10846,Supplier_18,8339.51,20,351,138,True,MEA
2025-08-03,PO10847,Supplier_18,4647.91,11,147,129,True,MEA
2025-03-05,PO10848,Supplier_14,4578.53,11,393,49,False,EU
2024-09-25,PO10849,Supplier_15,3380.78,8,64,293,True,NA
2023-07-13,PO10850,Supplier_12,4260.06,17,349,311,True,NA
2024-05-31,PO10851,Supplier_4,7709.02,17,182,234,True,EU
2023-01-29,PO10852,Supplier_3,5202.66,12,125,209,False,NA
2023-06-14,PO10853,Supplier_20,2987.52,11,179,94,True,NA
2024-02-26,PO10854,Supplier_12,5655.91,19,39,327,True,MEA
2023-12-05,PO10855,Supplier_7,7627.99,19,260,225,True,NA
2024-10-09,PO10856,Supplier_11,3595.29,14,382,11,False,APAC
2024-05-10,PO10857,Supplier_1,1678.49,9,3,329,True,NA
2023-12-31,PO10858,Supplier_6,10477.06,20,64,12,True,EU
2025-04-12,PO10859,Supplier_15,1553.68,9,29,35,True,MEA
2023-12-08,PO10860,Supplier_15,4102.44,10,372,447,False,NA
2024-05-14,PO10861,Supplier_19,5580.32,7,11,452,False,NA
2024-10-18,PO10862,Supplier_11,4318.93,12,97,220,False,APAC
2024-05-25,PO10863,Supplier_2,4812.72,17,358,441,True,APAC
2023-11-23,PO10864,Supplier_14,6442.1,18,442,229,True,APAC
2023-08-05,PO10865,Supplier_2,200.0,12,203,344,True,NA
2023-10-28,PO10866,Supplier_4,1832.76,17,411,80,False,NA
2023-05-12,PO10867,Supplier_17,5110.65,12,481,353,True,MEA
2025-03-14,PO10868,Supplier_3,3989.46,17,21,396,True,MEA
2023-03-11,PO10869,Supplier_13,5323.53,19,39,290,True,EU
2023-09-09,PO10870,Supplier_9,5569.13,10,223,455,True,LATAM
2024-02-19,PO10871,Supplier_7,200.0,17,102,128,True,EU
2025-02-25,PO10872,Supplier_15,8184.1,13,46,359,True,EU
2024-03-20,PO10873,Supplier_11,3754.33,10,66,313,True,NA
2025-05-25,PO10874,Supplier_20,2836.22,18,91,75,True,EU
2023-07-01,PO10875,Supplier_2,5520.89,14,164,196,True,EU
2023-06-16,PO10876,Supplier_15,5267.9,22,459,29,True,NA
2023-04-01,PO10877,Supplier_14,7991.73,13,111,16,True,EU
2024-12-14,PO10878,Supplier_20,5679.68,16,338,423,True,APAC
2025-05-07,PO10879,Supplier_11,7895.28,13,123,405,True,APAC
2024-06-14,PO10880,Supplier_3,2654.56,16,193,77,True,APAC
2023-02-08,PO10881,Supplier_17,5354.65,16,447,229,True,MEA
2023-05-06,PO10882,Supplier_12,2213.13,13,99,297,True,NA
2024-03-26,PO10883,Supplier_15,5244.19,11,291,510,True,EU
2023-06-22,PO10884,Supplier_16,4714.28,22,159,326,True,APAC
2024-10-14,PO10885,Supplier_5,4606.76,17,412,363,False,EU
2025-01-23,PO10886,Supplier_20,4628.68,19,103,359,True,NA
2023-08-08,PO10887,Supplier_6,6840.97,16,385,324,True,NA
2024-09-29,PO10888,Supplier_19,981.6,18,281,326,True,LATAM
2023-02-27,PO10889,Supplier_5,2750.53,15,43,165,True,EU
2024-10-21,PO10890,Supplier_3,4898.57,14,486,455,True,LATAM
2024-04-20,PO10891,Supplier_1,2053.34,15,84,153,True,EU
2024-03-31,PO10892,Supplier_6,5115.29,13,451,127,True,APAC
2025-04-08,PO10893,Supplier_15,4872.87,18,191,193,True,LATAM
2025-06-13,PO10894,Supplier_2,1490.61,15,51,10,False,APAC
2023-12-27,PO10895,Supplier_3,1367.09,16,386,92,True,NA
2025-07-23,PO10896,Supplier_17,200.0,11,210,139,True,EU
2023-01-01,PO10897,Supplier_12,1948.32,15,126,481,True,LATAM
2024-01-22,PO10898,Supplier_18,5035.81,17,492,449,True,NA
2025-08-30,PO10899,Supplier_15,5390.47,10,448,333,False,NA
2023-12-14,PO10900,Supplier_12,5504.75,14,458,340,True,NA
2023-07-09,PO10901,Supplier_16,3055.2,14,69,52,False,MEA
2024-05-19,PO10902,Supplier_8,4954.24,10,265,466,True,NA
2023-07-10,PO10903,Supplier_14,5993.11,7,258,475,True,APAC
2024-05-22,PO10904,Supplier_17,1829.91,12,418,401,True,EU
2024-01-04,PO10905,Supplier_8,5308.32,10,188,439,True,EU
2024-02-13,PO10906,Supplier_15,6641.2,10,230,509,True,APAC
2025-04-03,PO10907,Supplier_14,3773.07,11,189,153,True,NA
2025-07-17,PO10908,Supplier_18,7655.59,13,415,514,True,EU
2025-07-22,PO10909,Supplier_20,3831.41,18,10,503,True,APAC
2023-04-27,PO10910,Supplier_7,2849.85,9,114,6,True,LATAM
2023-05-14,PO10911,Supplier_3,6392.1,15,76,500,True,NA
2023-02-27,PO10912,Supplier_12,10083.23,11,164,118,True,LATAM
2024-07-09,PO10913,Supplier_3,5213.38,11,85,485,True,APAC
2024-11-15,PO10914,Supplier_20,6587.27,19,49,468,True,LATAM
2024-11-02,PO10915,Supplier_14,3728.21,12,495,161,True,EU
2023-06-22,PO10916,Supplier_15,1895.96,9,326,270,False,EU
2025-04-08,PO10917,Supplier_14,5415.66,14,496,56,False,MEA
2025-03-25,PO10918,Supplier_7,5811.0,15,177,228,True,LATAM
2023-05-29,PO10919,Supplier_17,4105.22,12,387,149,False,EU
2023-03-21,PO10920,Supplier_12,6577.64,8,458,46,True,NA
2025-06-04,PO10921,Supplier_20,3364.8,16,389,144,True,NA
2023-08-01,PO10922,Supplier_4,2744.78,15,494,340,True,NA
2023-07-22,PO10923,Supplier_9,7651.61,15,218,413,True,NA
2025-02-02,PO10924,Supplier_6,7663.37,13,189,344,True,NA
2023-08-17,PO10925,Supplier_16,3414.14,18,469,387,True,LATAM
2024-11-06,PO10926,Supplier_2,9297.13,12,493,473,True,NA
2023-08-15,PO10927,Supplier_8,4282.23,13,346,275,True,APAC
2024-10-20,PO10928,Supplier_11,5211.96,7,230,353,True,NA
2024-06-15,PO10929,Supplier_13,4788.37,15,255,66,False,NA
2024-03-16,PO10930,Supplier_17,6309.4,15,236,79,True,NA
2024-02-06,PO10931,Supplier_8,5678.55,16,26,202,True,NA
2023-02-16,PO10932,Supplier_18,5644.91,9,72,113,True,APAC
2023-08-21,PO10933,Supplier_18,2451.1,14,261,91,True,LATAM
2023-11-01,PO10934,Supplier_14,778.59,13,254,141,True,NA
2024-06-09,PO10935,Supplier_15,7855.4,14,271,289,True,EU
2023-05-23,PO10936,Supplier_6,3636.39,15,123,411,True,EU
2024-02-19,PO10937,Supplier_11,4877.42,12,144,377,True,LATAM
2024-05-27,PO10938,Supplier_13,5817.0,14,257,384,True,APAC
2024-01-08,PO10939,Supplier_1,9072.52,16,144,152,True,EU
2024-07-19,PO10940,Supplier_6,5403.39,14,421,319,True,APAC
2025-06-04,PO10941,Supplier_9,4013.01,6,259,369,True,LATAM
2023-09-16,PO10942,Supplier_8,3691.14,12,436,462,False,NA
2024-10-17,PO10943,Supplier_11,4906.61,13,47,12,True,EU
2024-04-15,PO10944,Supplier_19,2726.59,21,351,156,False,MEA
2025-08-10,PO10945,Supplier_9,5072.19,13,13,477,True,APAC
2025-08-28,PO10946,Supplier_17,4869.95,21,376,401,False,EU
2023-01-12,PO10947,Supplier_12,9103.82,14,208,177,True,EU
2023-11-26,PO10948,Supplier_14,4791.0,15,311,341,True,NA
2025-01-05,PO10949,Supplier_15,200.0,10,235,57,False,EU
2025-02-22,PO10950,Supplier_16,11683.78,15,149,448,True,APAC
2025-08-25,PO10951,Supplier_20,7392.08,19,322,203,True,EU
2023-12-24,PO10952,Supplier_1,10205.87,12,438,202,True,APAC
2025-08-29,PO10953,Supplier_10,2106.7,11,155,330,True,LATAM
2024-02-12,PO10954,Supplier_8,4445.43,9,166,363,False,NA
2024-10-29,PO10955,Supplier_18,6686.0,11,90,454,True,EU
2024-01-08,PO10956,Supplier_1,6340.98,17,186,356,True,EU
2023-01-08,PO10957,Supplier_2,5767.34,11,318,216,True,APAC
2023-05-02,PO10958,Supplier_1,200.0,10,358,23,True,NA
2023-12-14,PO10959,Supplier_1,718.9,14,174,155,True,APAC
2024-11-06,PO10960,Supplier_9,8793.8,18,217,186,True,LATAM
2023-03-31,PO10961,Supplier_13,9238.32,6,395,249,True,EU
2024-10-09,PO10962,Supplier_1,4733.37,16,456,134,True,MEA
2024-11-28,PO10963,Supplier_13,8476.07,20,264,321,False,MEA
2023-11-12,PO10964,Supplier_20,2441.93,9,97,390,True,NA
2023-06-27,PO10965,Supplier_7,3013.93,17,117,434,True,NA
2024-06-23,PO10966,Supplier_2,2244.3,12,199,22,True,MEA
2025-01-01,PO10967,Supplier_6,2875.2,13,320,125,True,MEA
2025-05-18,PO10968,Supplier_7,6806.74,9,486,79,True,NA
2023-02-10,PO10969,Supplier_14,2844.12,18,21,51,False,NA
2025-01-09,PO10970,Supplier_18,10599.36,17,200,176,True,NA
2024-12-04,PO10971,Supplier_15,6150.18,14,371,253,False,MEA
2025-07-11,PO10972,Supplier_2,7711.32,9,447,246,True,NA
2024-05-16,PO10973,Supplier_10,6224.85,19,341,106,True,EU
2025-08-16,PO10974,Supplier_12,8035.67,11,448,193,True,LATAM
2023-05-25,PO10975,Supplier_17,2830.0,12,248,316,True,NA
2023-07-20,PO10976,Supplier_8,8617.33,5,276,302,True,APAC
2025-07-17,PO10977,Supplier_11,5352.35,15,264,268,False,NA
2024-12-24,PO10978,Supplier_3,8023.17,12,58,170,True,LATAM
2024-04-05,PO10979,Supplier_6,1401.09,12,302,455,False,NA
2025-01-01,PO10980,Supplier_9,5451.46,11,31,292,True,APAC
2025-01-21,PO10981,Supplier_6,5363.1,14,498,141,True,APAC
2025-07-13,PO10982,Supplier_9,3451.91,17,249,146,True,NA
2025-06-27,PO10983,Supplier_7,5782.8,18,93,425,True,NA
2024-07-11,PO10984,Supplier_9,8849.02,11,496,314,False,EU
2024-06-30,PO10985,Supplier_18,3259.62,14,265,184,True,NA
2023-09-10,PO10986,Supplier_12,7404.64,13,271,128,True,LATAM
2024-01-25,PO10987,Supplier_8,2181.44,13,94,287,True,LATAM
2024-08-16,PO10988,Supplier_8,10273.61,11,154,253,True,EU
2025-06-01,PO10989,Supplier_18,6961.5,13,394,386,True,APAC
2023-09-13,PO10990,Supplier_20,9312.79,19,285,230,True,APAC
2024-12-09,PO10991,Supplier_15,6680.15,16,80,271,True,LATAM
2025-03-25,PO10992,Supplier_7,5976.53,15,292,415,True,EU
2025-07-09,PO10993,Supplier_11,6982.33,11,84,198,True,NA
2024-03-25,PO10994,Supplier_20,4658.88,15,365,323,True,NA
2023-01-10,PO10995,Supplier_16,955.42,11,374,56,True,EU
2025-04-03,PO10996,Supplier_4,6118.5,18,37,203,True,EU
2025-03-08,PO10997,Supplier_6,3111.24,11,342,138,True,EU
2023-08-30,PO10998,Supplier_3,2245.85,11,327,422,True,NA
2023-09-08,PO10999,Supplier_9,6590.73,8,407,57,True,APAC
